Workbook
Name FromOrganiz_1: _xlfn.ANCHORARRAY('Transacciones '!#REF!)
Name SegmentaciónDeDatos_Año: #N/A
Name SegmentaciónDeDatos_Año1: #N/A
Name SegmentaciónDeDatos_Causa: #N/A
Name SegmentaciónDeDatos_Ciudad: #N/A
Name SegmentaciónDeDatos_Encargado: #N/A
Name SegmentaciónDeDatos_Mes: #N/A
Name SegmentaciónDeDatos_Mes1: #N/A
Name SegmentaciónDeDatos_Mes2: #N/A
Name SegmentaciónDeDatos_Producto: #N/A
Name SegmentaciónDeDatos_Producto1: #N/A
Name TRABAJADOR: INDIRECT([1]Calculos!$C$12)

Sheet Dashboard

Sheet Transacciones 
A1: ID | B1: Año | C1: Mes | D1: Mes transaccional | E1: Día | F1: Ciudad | G1: Encargado | H1: Cantidad_Vendida | I1: Cantidad_Vendida Final | J1: Producto | K1: Venta | L1: Ganancia | M1: Precio por producto | O1: Mes | P1: Año | Q1: Año formato | R1: Producto | S1: Producto formato | T1: Cantidad final vendida
A2: 10001 | B2: 2020 | C2: Noviembre | D2: =IF(C2="Enero",1,IF(C2="Febrero",2,IF(C2="Marzo",3,IF(C2="Abril",4,IF(C2="Mayo",5,IF(C2="Junio",6,IF(C2="Julio",7,IF(C2="Agosto",8,IF(C2="Septiembre",9,IF(C2="Octubre",10,IF(C2="Noviembre",11,IF(C2="Diciembre",12,"")))))))))))) -> 11 | E2: 8 | F2: Bogotá | G2: Juan Carlos Londoño | H2: 91 | I2: 91 | J2: (D) | K2: 273000 | L2: 182 | M2: =K2/I2 -> 3000 | P2: 21 | Q2: =VALUE("20"&P2) -> 2021 | R2: C | S2: ="("&R2&")" -> (C) | T2: =SUMIFS($I$2:$I$10001,$J$2:$J$10001,S2,$B$2:$B$10001,Q2,$D$2:$D$10001,O2) -> 0 | AH2: {=AVERAGE(_xlfn.XLOOKUP(LARGE(IF(J79=$J$2:$J$10001,IF(DATE(B79,MONTH(C79&1),E79)>=IF(($H$2:$H$10001<>"")*(J79=$J$2:$J$10001),DATE($B$2:$B$10001,MONTH($C$2:$C$10001&1),$E$2:$E$10001),""),DATE($B$2:$B$10001,MONTH($C$2:$C$10001&1),$E$2:$E$10001)+ROW($B$2:$B$10001)/10000,0),0),_xlfn.SEQUENCE(5)),IF(J79=J2:J10001,IF(DATE(B79,MONTH(C79&1),E79)>=IF(($H$2:$H$10001<>"")*(J79=$J$2:$J$10001),DATE($B$2:$B$10001,MONTH($C$2:$C$10001&1),$E$2:$E$10001),""),DATE($B$2:$B$10001,MONTH($C$2:$C$10001&1),$E$2:$E$10001)+ROW($B$2:$B$10001)/10000,0),0),$H$2:$H$10001,,0,1))} -> #VALUE!
A3: 10002 | B3: 2020 | C3: Octubre | D3: =IF(C3="Enero",1,IF(C3="Febrero",2,IF(C3="Marzo",3,IF(C3="Abril",4,IF(C3="Mayo",5,IF(C3="Junio",6,IF(C3="Julio",7,IF(C3="Agosto",8,IF(C3="Septiembre",9,IF(C3="Octubre",10,IF(C3="Noviembre",11,IF(C3="Diciembre",12,"")))))))))))) -> 10 | E3: 4 | F3: Ibagué | G3: {=_xlfn.XLOOKUP(LARGE(IF((F3=$F$2:$F$10001)*(B3+1=$B$2:$B$10001)*(C3=$C$2:$C$10001),DATE($B$2:$B$10001,MONTH($C$2:$C$10001&1),$E$2:$E$10001)," "),1),IF((F3=$F$2:$F$10001)*(B3+1=$B$2:$B$10001)*(C3=$C$2:$C$10001),DATE($B$2:$B$10001,MONTH($C$2:$C$10001&1),$E$2:$E$10001)," "),$G$2:$G$10001,,0,1)} -> Ernesto Pérez | H3: 179 | I3: 179 | J3: (B) | K3: 1253000 | L3: 716 | M3: =K3/I3 -> 7000 | O3: 12 | P3: 20 | Q3: =VALUE("20"&P3) -> 2020 | R3: A | S3: ="("&R3&")" -> (A) | T3: =SUMIFS($I$2:$I$10001,$J$2:$J$10001,S3,$B$2:$B$10001,Q3,$D$2:$D$10001,O3) -> 5765
A4: 10003 | B4: 2020 | C4: Abril | D4: =IF(C4="Enero",1,IF(C4="Febrero",2,IF(C4="Marzo",3,IF(C4="Abril",4,IF(C4="Mayo",5,IF(C4="Junio",6,IF(C4="Julio",7,IF(C4="Agosto",8,IF(C4="Septiembre",9,IF(C4="Octubre",10,IF(C4="Noviembre",11,IF(C4="Diciembre",12,"")))))))))))) -> 4 | E4: 12 | F4: Montería | G4: Ortensia Giraldo | H4: 245 | I4: 245 | J4: (C) | K4: 1837500 | L4: 612.5 | M4: =K4/I4 -> 7500 | O4: 10 | P4: 20 | Q4: =VALUE("20"&P4) -> 2020 | R4: B | S4: ="("&R4&")" -> (B) | T4: =SUMIFS($I$2:$I$10001,$J$2:$J$10001,S4,$B$2:$B$10001,Q4,$D$2:$D$10001,O4) -> 7882.2 | W4: =_xlfn.FORMULATEXT(U2) -> #N/A
A5: 10004 | B5: 2020 | C5: Agosto | D5: =IF(C5="Enero",1,IF(C5="Febrero",2,IF(C5="Marzo",3,IF(C5="Abril",4,IF(C5="Mayo",5,IF(C5="Junio",6,IF(C5="Julio",7,IF(C5="Agosto",8,IF(C5="Septiembre",9,IF(C5="Octubre",10,IF(C5="Noviembre",11,IF(C5="Diciembre",12,"")))))))))))) -> 8 | E5: 17 | F5: Medellín | G5: Patricia Fernandez | H5: 144 | I5: 144 | J5: (B) | K5: 1008000 | L5: 576 | M5: =K5/I5 -> 7000 | O5: 6 | P5: 22 | Q5: =VALUE("20"&P5) -> 2022 | R5: C | S5: ="("&R5&")" -> (C) | T5: =SUMIFS($I$2:$I$10001,$J$2:$J$10001,S5,$B$2:$B$10001,Q5,$D$2:$D$10001,O5) -> 18875
A6: 10005 | B6: 2020 | C6: Diciembre | D6: =IF(C6="Enero",1,IF(C6="Febrero",2,IF(C6="Marzo",3,IF(C6="Abril",4,IF(C6="Mayo",5,IF(C6="Junio",6,IF(C6="Julio",7,IF(C6="Agosto",8,IF(C6="Septiembre",9,IF(C6="Octubre",10,IF(C6="Noviembre",11,IF(C6="Diciembre",12,"")))))))))))) -> 12 | E6: 14 | F6: Popayán | G6: Carolina Navarro | H6: 116 | I6: 116 | J6: (A) | K6: 638000 | L6: 406 | M6: =K6/I6 -> 5500 | O6: 7 | P6: 20 | Q6: =VALUE("20"&P6) -> 2020 | R6: D | S6: ="("&R6&")" -> (D) | T6: =SUMIFS($I$2:$I$10001,$J$2:$J$10001,S6,$B$2:$B$10001,Q6,$D$2:$D$10001,O6) -> 11654 | W6: 44848
A7: 10006 | B7: 2020 | C7: Septiembre | D7: =IF(C7="Enero",1,IF(C7="Febrero",2,IF(C7="Marzo",3,IF(C7="Abril",4,IF(C7="Mayo",5,IF(C7="Junio",6,IF(C7="Julio",7,IF(C7="Agosto",8,IF(C7="Septiembre",9,IF(C7="Octubre",10,IF(C7="Noviembre",11,IF(C7="Diciembre",12,"")))))))))))) -> 9 | E7: 9 | F7: Cali | G7: Marcela Valencia | H7: 59 | I7: 59 | J7: (D) | K7: 177000 | L7: 118 | M7: =K7/I7 -> 3000 | O7: 12 | P7: 20 | Q7: =VALUE("20"&P7) -> 2020 | R7: D | S7: ="("&R7&")" -> (D) | T7: =SUMIFS($I$2:$I$10001,$J$2:$J$10001,S7,$B$2:$B$10001,Q7,$D$2:$D$10001,O7) -> 6074
A8: 10007 | B8: 2020 | C8: Octubre | D8: =IF(C8="Enero",1,IF(C8="Febrero",2,IF(C8="Marzo",3,IF(C8="Abril",4,IF(C8="Mayo",5,IF(C8="Junio",6,IF(C8="Julio",7,IF(C8="Agosto",8,IF(C8="Septiembre",9,IF(C8="Octubre",10,IF(C8="Noviembre",11,IF(C8="Diciembre",12,"")))))))))))) -> 10 | E8: 7 | F8: Medellín | G8: Ortensia Giraldo | H8: 110 | I8: 110 | J8: (A) | K8: 605000 | L8: 385 | M8: =K8/I8 -> 5500 | O8: 11 | P8: 22 | Q8: =VALUE("20"&P8) -> 2022 | R8: D | S8: ="("&R8&")" -> (D) | T8: =SUMIFS($I$2:$I$10001,$J$2:$J$10001,S8,$B$2:$B$10001,Q8,$D$2:$D$10001,O8) -> 5044 | W8: coin
A9: 10008 | B9: 2020 | C9: Septiembre | D9: =IF(C9="Enero",1,IF(C9="Febrero",2,IF(C9="Marzo",3,IF(C9="Abril",4,IF(C9="Mayo",5,IF(C9="Junio",6,IF(C9="Julio",7,IF(C9="Agosto",8,IF(C9="Septiembre",9,IF(C9="Octubre",10,IF(C9="Noviembre",11,IF(C9="Diciembre",12,"")))))))))))) -> 9 | E9: 25 | F9: Neiva | G9: Marcela Valencia | H9: 66 | I9: 66 | J9: (A) | K9: 363000 | L9: 231 | M9: =K9/I9 -> 5500 | O9: 7 | P9: 21 | Q9: =VALUE("20"&P9) -> 2021 | R9: D | S9: ="("&R9&")" -> (D) | T9: =SUMIFS($I$2:$I$10001,$J$2:$J$10001,S9,$B$2:$B$10001,Q9,$D$2:$D$10001,O9) -> 15856
A10: 10009 | B10: 2020 | C10: Enero | D10: =IF(C10="Enero",1,IF(C10="Febrero",2,IF(C10="Marzo",3,IF(C10="Abril",4,IF(C10="Mayo",5,IF(C10="Junio",6,IF(C10="Julio",7,IF(C10="Agosto",8,IF(C10="Septiembre",9,IF(C10="Octubre",10,IF(C10="Noviembre",11,IF(C10="Diciembre",12,"")))))))))))) -> 1 | E10: 17 | F10: Palmira | G10: Ortensia Giraldo | H10: 242 | I10: 242 | J10: (D) | K10: 580800 | L10: 338.8 | M10: =K10/I10 -> 2400 | O10: 5 | P10: 22 | Q10: =VALUE("20"&P10) -> 2022 | R10: D | S10: ="("&R10&")" -> (D) | T10: =SUMIFS($I$2:$I$10001,$J$2:$J$10001,S10,$B$2:$B$10001,Q10,$D$2:$D$10001,O10) -> 5920
A11: 10010 | B11: 2020 | C11: Febrero | D11: =IF(C11="Enero",1,IF(C11="Febrero",2,IF(C11="Marzo",3,IF(C11="Abril",4,IF(C11="Mayo",5,IF(C11="Junio",6,IF(C11="Julio",7,IF(C11="Agosto",8,IF(C11="Septiembre",9,IF(C11="Octubre",10,IF(C11="Noviembre",11,IF(C11="Diciembre",12,"")))))))))))) -> 2 | E11: 4 | F11: Cali | G11: Marcela Valencia | H11: 295 | I11: 295 | J11: (D) | K11: 708000 | L11: 413 | M11: =K11/I11 -> 2400 | O11: 5 | P11: 20 | Q11: =VALUE("20"&P11) -> 2020 | R11: C | S11: ="("&R11&")" -> (C) | T11: =SUMIFS($I$2:$I$10001,$J$2:$J$10001,S11,$B$2:$B$10001,Q11,$D$2:$D$10001,O11) -> 15702
A12: 10011 | B12: 2020 | C12: Mayo | D12: =IF(C12="Enero",1,IF(C12="Febrero",2,IF(C12="Marzo",3,IF(C12="Abril",4,IF(C12="Mayo",5,IF(C12="Junio",6,IF(C12="Julio",7,IF(C12="Agosto",8,IF(C12="Septiembre",9,IF(C12="Octubre",10,IF(C12="Noviembre",11,IF(C12="Diciembre",12,"")))))))))))) -> 5 | E12: 25 | F12: Popayán | G12: Juan Carlos Londoño | H12: 176 | I12: 176 | J12: (B) | K12: 1232000 | L12: 704 | M12: =K12/I12 -> 7000 | O12: 7 | P12: 22 | Q12: =VALUE("20"&P12) -> 2022 | R12: B | S12: ="("&R12&")" -> (B) | T12: =SUMIFS($I$2:$I$10001,$J$2:$J$10001,S12,$B$2:$B$10001,Q12,$D$2:$D$10001,O12) -> 7986
A13: 10012 | B13: 2020 | C13: Febrero | D13: =IF(C13="Enero",1,IF(C13="Febrero",2,IF(C13="Marzo",3,IF(C13="Abril",4,IF(C13="Mayo",5,IF(C13="Junio",6,IF(C13="Julio",7,IF(C13="Agosto",8,IF(C13="Septiembre",9,IF(C13="Octubre",10,IF(C13="Noviembre",11,IF(C13="Diciembre",12,"")))))))))))) -> 2 | E13: 7 | F13: Ibagué | G13: Ortensia Giraldo | H13: 243 | I13: 243 | J13: (D) | K13: 583200 | L13: 340.2 | M13: =K13/I13 -> 2400 | O13: 4 | P13: 20 | Q13: =VALUE("20"&P13) -> 2020 | R13: C | S13: ="("&R13&")" -> (C) | T13: =SUMIFS($I$2:$I$10001,$J$2:$J$10001,S13,$B$2:$B$10001,Q13,$D$2:$D$10001,O13) -> 16791
A14: 10013 | B14: 2020 | C14: Diciembre | D14: =IF(C14="Enero",1,IF(C14="Febrero",2,IF(C14="Marzo",3,IF(C14="Abril",4,IF(C14="Mayo",5,IF(C14="Junio",6,IF(C14="Julio",7,IF(C14="Agosto",8,IF(C14="Septiembre",9,IF(C14="Octubre",10,IF(C14="Noviembre",11,IF(C14="Diciembre",12,"")))))))))))) -> 12 | E14: 24 | F14: Armenia | G14: Carolina Navarro | H14: 92 | I14: 92 | J14: (D) | K14: 276000 | L14: 184 | M14: =K14/I14 -> 3000 | O14: 12 | P14: 21 | Q14: =VALUE("20"&P14) -> 2021 | R14: C | S14: ="("&R14&")" -> (C) | T14: =SUMIFS($I$2:$I$10001,$J$2:$J$10001,S14,$B$2:$B$10001,Q14,$D$2:$D$10001,O14) -> 16223
A15: 10014 | B15: 2020 | C15: Agosto | D15: =IF(C15="Enero",1,IF(C15="Febrero",2,IF(C15="Marzo",3,IF(C15="Abril",4,IF(C15="Mayo",5,IF(C15="Junio",6,IF(C15="Julio",7,IF(C15="Agosto",8,IF(C15="Septiembre",9,IF(C15="Octubre",10,IF(C15="Noviembre",11,IF(C15="Diciembre",12,"")))))))))))) -> 8 | E15: 30 | F15: Villavicencio | G15: Ernesto Pérez | H15: 238 | I15: 238 | J15: (A) | K15: 1023400 | L15: 547.4 | M15: =K15/I15 -> 4300 | O15: 10 | P15: 22 | Q15: =VALUE("20"&P15) -> 2022 | R15: C | S15: ="("&R15&")" -> (C) | T15: =SUMIFS($I$2:$I$10001,$J$2:$J$10001,S15,$B$2:$B$10001,Q15,$D$2:$D$10001,O15) -> 18802
A16: 10015 | B16: 2020 | C16: Septiembre | D16: =IF(C16="Enero",1,IF(C16="Febrero",2,IF(C16="Marzo",3,IF(C16="Abril",4,IF(C16="Mayo",5,IF(C16="Junio",6,IF(C16="Julio",7,IF(C16="Agosto",8,IF(C16="Septiembre",9,IF(C16="Octubre",10,IF(C16="Noviembre",11,IF(C16="Diciembre",12,"")))))))))))) -> 9 | E16: 22 | F16: Popayán | G16: Ernesto Pérez | H16: 223 | I16: 223 | J16: (C) | K16: 1672500 | L16: 557.5 | M16: =K16/I16 -> 7500 | O16: 2 | P16: 20 | Q16: =VALUE("20"&P16) -> 2020 | R16: D | S16: ="("&R16&")" -> (D) | T16: =SUMIFS($I$2:$I$10001,$J$2:$J$10001,S16,$B$2:$B$10001,Q16,$D$2:$D$10001,O16) -> 17682
A17: 10016 | B17: 2020 | C17: Abril | D17: =IF(C17="Enero",1,IF(C17="Febrero",2,IF(C17="Marzo",3,IF(C17="Abril",4,IF(C17="Mayo",5,IF(C17="Junio",6,IF(C17="Julio",7,IF(C17="Agosto",8,IF(C17="Septiembre",9,IF(C17="Octubre",10,IF(C17="Noviembre",11,IF(C17="Diciembre",12,"")))))))))))) -> 4 | E17: 24 | F17: Bogotá | G17: Carolina Navarro | H17: 106 | I17: 106 | J17: (D) | K17: 318000 | L17: 212 | M17: =K17/I17 -> 3000 | O17: 7 | P17: 22 | Q17: =VALUE("20"&P17) -> 2022 | R17: D | S17: ="("&R17&")" -> (D) | T17: =SUMIFS($I$2:$I$10001,$J$2:$J$10001,S17,$B$2:$B$10001,Q17,$D$2:$D$10001,O17) -> 17959
A18: 10017 | B18: 2020 | C18: Enero | D18: =IF(C18="Enero",1,IF(C18="Febrero",2,IF(C18="Marzo",3,IF(C18="Abril",4,IF(C18="Mayo",5,IF(C18="Junio",6,IF(C18="Julio",7,IF(C18="Agosto",8,IF(C18="Septiembre",9,IF(C18="Octubre",10,IF(C18="Noviembre",11,IF(C18="Diciembre",12,"")))))))))))) -> 1 | E18: 15 | F18: Valledupar | G18: Juan Carlos Londoño | H18: 298 | I18: 298 | J18: (A) | K18: 1281400 | L18: 685.4 | M18: =K18/I18 -> 4300 | O18: 1 | P18: 20 | Q18: =VALUE("20"&P18) -> 2020 | R18: B | S18: ="("&R18&")" -> (B) | T18: =SUMIFS($I$2:$I$10001,$J$2:$J$10001,S18,$B$2:$B$10001,Q18,$D$2:$D$10001,O18) -> 8662
A19: 10018 | B19: 2020 | C19: Octubre | D19: =IF(C19="Enero",1,IF(C19="Febrero",2,IF(C19="Marzo",3,IF(C19="Abril",4,IF(C19="Mayo",5,IF(C19="Junio",6,IF(C19="Julio",7,IF(C19="Agosto",8,IF(C19="Septiembre",9,IF(C19="Octubre",10,IF(C19="Noviembre",11,IF(C19="Diciembre",12,"")))))))))))) -> 10 | E19: 30 | F19: Pereira | G19: Carolina Navarro | H19: 278 | I19: 278 | J19: (C) | K19: 2085000 | L19: 695 | M19: =K19/I19 -> 7500 | O19: 3 | P19: 22 | Q19: =VALUE("20"&P19) -> 2022 | R19: D | S19: ="("&R19&")" -> (D) | T19: =SUMIFS($I$2:$I$10001,$J$2:$J$10001,S19,$B$2:$B$10001,Q19,$D$2:$D$10001,O19) -> 5310
A20: 10019 | B20: 2020 | C20: Marzo | D20: =IF(C20="Enero",1,IF(C20="Febrero",2,IF(C20="Marzo",3,IF(C20="Abril",4,IF(C20="Mayo",5,IF(C20="Junio",6,IF(C20="Julio",7,IF(C20="Agosto",8,IF(C20="Septiembre",9,IF(C20="Octubre",10,IF(C20="Noviembre",11,IF(C20="Diciembre",12,"")))))))))))) -> 3 | E20: 6 | F20: Sincelejo | G20: Marcela Valencia | H20: 262 | I20: 262 | J20: (C) | K20: 1965000 | L20: 655 | M20: =K20/I20 -> 7500 | O20: 9 | P20: 21 | Q20: =VALUE("20"&P20) -> 2021 | R20: A | S20: ="("&R20&")" -> (A) | T20: =SUMIFS($I$2:$I$10001,$J$2:$J$10001,S20,$B$2:$B$10001,Q20,$D$2:$D$10001,O20) -> 6330
... A24: 10023 | B24: 2020 | C24: Agosto | D24: =IF(C24="Enero",1,IF(C24="Febrero",2,IF(C24="Marzo",3,IF(C24="Abril",4,IF(C24="Mayo",5,IF(C24="Junio",6,IF(C24="Julio",7,IF(C24="Agosto",8,IF(C24="Septiembre",9,IF(C24="Octubre",10,IF(C24="Noviembre",11,IF(C24="Diciembre",12,"")))))))))))) -> 8 | E24: 6 | F24: Cali | G24: Ortensia Giraldo | H24: 86 | I24: 86 | J24: (B) | K24: 602000 | L24: 344 | M24: =K24/I24 -> 7000 | O24: 12 | P24: 21 | Q24: =VALUE("20"&P24) -> 2021 | R24: B | S24: ="("&R24&")" -> (B) | T24: =SUMIFS($I$2:$I$10001,$J$2:$J$10001,S24,$B$2:$B$10001,Q24,$D$2:$D$10001,O24) -> 7944
A25: 10024 | B25: 2020 | C25: Octubre | D25: =IF(C25="Enero",1,IF(C25="Febrero",2,IF(C25="Marzo",3,IF(C25="Abril",4,IF(C25="Mayo",5,IF(C25="Junio",6,IF(C25="Julio",7,IF(C25="Agosto",8,IF(C25="Septiembre",9,IF(C25="Octubre",10,IF(C25="Noviembre",11,IF(C25="Diciembre",12,"")))))))))))) -> 10 | E25: 4 | F25: Popayán | G25: {=_xlfn.XLOOKUP(LARGE(IF((F25=$F$2:$F$10001)*(B25+1=$B$2:$B$10001)*(C25=$C$2:$C$10001),DATE($B$2:$B$10001,MONTH($C$2:$C$10001&1),$E$2:$E$10001)," "),1),IF((F25=$F$2:$F$10001)*(B25+1=$B$2:$B$10001)*(C25=$C$2:$C$10001),DATE($B$2:$B$10001,MONTH($C$2:$C$10001&1),$E$2:$E$10001)," "),$G$2:$G$10001,,0,1)} -> Carolina Navarro | H25: 142 | I25: 142 | J25: (B) | K25: 994000 | L25: 568 | M25: =K25/I25 -> 7000 | O25: 2 | P25: 21 | Q25: =VALUE("20"&P25) -> 2021 | R25: D | S25: ="("&R25&")" -> (D) | T25: =SUMIFS($I$2:$I$10001,$J$2:$J$10001,S25,$B$2:$B$10001,Q25,$D$2:$D$10001,O25) -> 16235
A26: 10025 | B26: 2020 | C26: Abril | D26: =IF(C26="Enero",1,IF(C26="Febrero",2,IF(C26="Marzo",3,IF(C26="Abril",4,IF(C26="Mayo",5,IF(C26="Junio",6,IF(C26="Julio",7,IF(C26="Agosto",8,IF(C26="Septiembre",9,IF(C26="Octubre",10,IF(C26="Noviembre",11,IF(C26="Diciembre",12,"")))))))))))) -> 4 | E26: 3 | F26: Santa Marta | G26: Carolina Navarro | H26: 208 | I26: 208 | J26: (C) | K26: 1560000 | L26: 520 | M26: =K26/I26 -> 7500 | O26: 9 | P26: 20 | Q26: =VALUE("20"&P26) -> 2020 | R26: B | S26: ="("&R26&")" -> (B) | T26: =SUMIFS($I$2:$I$10001,$J$2:$J$10001,S26,$B$2:$B$10001,Q26,$D$2:$D$10001,O26) -> 8835
A27: 10026 | B27: 2020 | C27: Octubre | D27: =IF(C27="Enero",1,IF(C27="Febrero",2,IF(C27="Marzo",3,IF(C27="Abril",4,IF(C27="Mayo",5,IF(C27="Junio",6,IF(C27="Julio",7,IF(C27="Agosto",8,IF(C27="Septiembre",9,IF(C27="Octubre",10,IF(C27="Noviembre",11,IF(C27="Diciembre",12,"")))))))))))) -> 10 | E27: 30 | F27: Villavicencio | G27: Ortensia Giraldo | H27: 53 | I27: 53 | J27: (D) | K27: 159000 | L27: 106 | M27: =K27/I27 -> 3000 | O27: 4 | P27: 20 | Q27: =VALUE("20"&P27) -> 2020 | R27: D | S27: ="("&R27&")" -> (D) | T27: =SUMIFS($I$2:$I$10001,$J$2:$J$10001,S27,$B$2:$B$10001,Q27,$D$2:$D$10001,O27) -> 6980
A28: 10027 | B28: 2020 | C28: Marzo | D28: =IF(C28="Enero",1,IF(C28="Febrero",2,IF(C28="Marzo",3,IF(C28="Abril",4,IF(C28="Mayo",5,IF(C28="Junio",6,IF(C28="Julio",7,IF(C28="Agosto",8,IF(C28="Septiembre",9,IF(C28="Octubre",10,IF(C28="Noviembre",11,IF(C28="Diciembre",12,"")))))))))))) -> 3 | E28: 11 | F28: Manizales | G28: Marcela Valencia | H28: 115 | I28: 115 | J28: (D) | K28: 345000 | L28: 230 | M28: =K28/I28 -> 3000 | O28: 6 | P28: 20 | Q28: =VALUE("20"&P28) -> 2020 | R28: B | S28: ="("&R28&")" -> (B) | T28: =SUMIFS($I$2:$I$10001,$J$2:$J$10001,S28,$B$2:$B$10001,Q28,$D$2:$D$10001,O28) -> 9145
A29: 10028 | B29: 2020 | C29: Septiembre | D29: =IF(C29="Enero",1,IF(C29="Febrero",2,IF(C29="Marzo",3,IF(C29="Abril",4,IF(C29="Mayo",5,IF(C29="Junio",6,IF(C29="Julio",7,IF(C29="Agosto",8,IF(C29="Septiembre",9,IF(C29="Octubre",10,IF(C29="Noviembre",11,IF(C29="Diciembre",12,"")))))))))))) -> 9 | E29: 4 | F29: Neiva | G29: Ernesto Pérez | H29: 106 | I29: 106 | J29: (A) | K29: 583000 | L29: 371 | M29: =K29/I29 -> 5500 | O29: 2 | P29: 20 | Q29: =VALUE("20"&P29) -> 2020 | R29: C | S29: ="("&R29&")" -> (C) | T29: =SUMIFS($I$2:$I$10001,$J$2:$J$10001,S29,$B$2:$B$10001,Q29,$D$2:$D$10001,O29) -> 5819
A30: 10029 | B30: 2020 | C30: Junio | D30: =IF(C30="Enero",1,IF(C30="Febrero",2,IF(C30="Marzo",3,IF(C30="Abril",4,IF(C30="Mayo",5,IF(C30="Junio",6,IF(C30="Julio",7,IF(C30="Agosto",8,IF(C30="Septiembre",9,IF(C30="Octubre",10,IF(C30="Noviembre",11,IF(C30="Diciembre",12,"")))))))))))) -> 6 | E30: 5 | F30: Armenia | G30: Ortensia Giraldo | H30: 278 | I30: 278 | J30: (C) | K30: 2085000 | L30: 695 | M30: =K30/I30 -> 7500 | O30: 7 | P30: 21 | Q30: =VALUE("20"&P30) -> 2021 | R30: C | S30: ="("&R30&")" -> (C) | T30: =SUMIFS($I$2:$I$10001,$J$2:$J$10001,S30,$B$2:$B$10001,Q30,$D$2:$D$10001,O30) -> 4211
A31: 10030 | B31: 2020 | C31: Enero | D31: =IF(C31="Enero",1,IF(C31="Febrero",2,IF(C31="Marzo",3,IF(C31="Abril",4,IF(C31="Mayo",5,IF(C31="Junio",6,IF(C31="Julio",7,IF(C31="Agosto",8,IF(C31="Septiembre",9,IF(C31="Octubre",10,IF(C31="Noviembre",11,IF(C31="Diciembre",12,"")))))))))))) -> 1 | E31: 18 | F31: Medellín | G31: Ortensia Giraldo | H31: 174 | I31: 174 | J31: (B) | K31: 1218000 | L31: 696 | M31: =K31/I31 -> 7000 | O31: 5 | P31: 21 | Q31: =VALUE("20"&P31) -> 2021 | R31: A | S31: ="("&R31&")" -> (A) | T31: =SUMIFS($I$2:$I$10001,$J$2:$J$10001,S31,$B$2:$B$10001,Q31,$D$2:$D$10001,O31) -> 5942
A32: 10031 | B32: 2020 | C32: Abril | D32: =IF(C32="Enero",1,IF(C32="Febrero",2,IF(C32="Marzo",3,IF(C32="Abril",4,IF(C32="Mayo",5,IF(C32="Junio",6,IF(C32="Julio",7,IF(C32="Agosto",8,IF(C32="Septiembre",9,IF(C32="Octubre",10,IF(C32="Noviembre",11,IF(C32="Diciembre",12,"")))))))))))) -> 4 | E32: 21 | F32: Pasto | G32: Ortensia Giraldo | H32: 114 | I32: 114 | J32: (A) | K32: 627000 | L32: 399 | M32: =K32/I32 -> 5500 | O32: 6 | P32: 21 | Q32: =VALUE("20"&P32) -> 2021 | R32: B | S32: ="("&R32&")" -> (B) | T32: =SUMIFS($I$2:$I$10001,$J$2:$J$10001,S32,$B$2:$B$10001,Q32,$D$2:$D$10001,O32) -> 6971
A33: 10032 | B33: 2020 | C33: Noviembre | D33: =IF(C33="Enero",1,IF(C33="Febrero",2,IF(C33="Marzo",3,IF(C33="Abril",4,IF(C33="Mayo",5,IF(C33="Junio",6,IF(C33="Julio",7,IF(C33="Agosto",8,IF(C33="Septiembre",9,IF(C33="Octubre",10,IF(C33="Noviembre",11,IF(C33="Diciembre",12,"")))))))))))) -> 11 | E33: 13 | F33: Cartagena | G33: Ortensia Giraldo | H33: 134 | I33: 134 | J33: (B) | K33: 938000 | L33: 536 | M33: =K33/I33 -> 7000 | O33: 9 | P33: 21 | Q33: =VALUE("20"&P33) -> 2021 | R33: B | S33: ="("&R33&")" -> (B) | T33: =SUMIFS($I$2:$I$10001,$J$2:$J$10001,S33,$B$2:$B$10001,Q33,$D$2:$D$10001,O33) -> 8147
A34: 10033 | B34: 2020 | C34: Mayo | D34: =IF(C34="Enero",1,IF(C34="Febrero",2,IF(C34="Marzo",3,IF(C34="Abril",4,IF(C34="Mayo",5,IF(C34="Junio",6,IF(C34="Julio",7,IF(C34="Agosto",8,IF(C34="Septiembre",9,IF(C34="Octubre",10,IF(C34="Noviembre",11,IF(C34="Diciembre",12,"")))))))))))) -> 5 | E34: 19 | F34: Valledupar | G34: Marcela Valencia | H34: 61 | I34: 61 | J34: (D) | K34: 183000 | L34: 122 | M34: =K34/I34 -> 3000 | O34: 1 | P34: 22 | Q34: =VALUE("20"&P34) -> 2022 | R34: C | S34: ="("&R34&")" -> (C) | T34: =SUMIFS($I$2:$I$10001,$J$2:$J$10001,S34,$B$2:$B$10001,Q34,$D$2:$D$10001,O34) -> 6697
A35: 10034 | B35: 2020 | C35: Junio | D35: =IF(C35="Enero",1,IF(C35="Febrero",2,IF(C35="Marzo",3,IF(C35="Abril",4,IF(C35="Mayo",5,IF(C35="Junio",6,IF(C35="Julio",7,IF(C35="Agosto",8,IF(C35="Septiembre",9,IF(C35="Octubre",10,IF(C35="Noviembre",11,IF(C35="Diciembre",12,"")))))))))))) -> 6 | E35: 20 | F35: Montería | G35: Ernesto Pérez | H35: 61 | I35: 61 | J35: (A) | K35: 335500 | L35: 213.5 | M35: =K35/I35 -> 5500 | O35: 7 | P35: 21 | Q35: =VALUE("20"&P35) -> 2021 | R35: B | S35: ="("&R35&")" -> (B) | T35: =SUMIFS($I$2:$I$10001,$J$2:$J$10001,S35,$B$2:$B$10001,Q35,$D$2:$D$10001,O35) -> 6752
A36: 10035 | B36: 2020 | C36: Febrero | D36: =IF(C36="Enero",1,IF(C36="Febrero",2,IF(C36="Marzo",3,IF(C36="Abril",4,IF(C36="Mayo",5,IF(C36="Junio",6,IF(C36="Julio",7,IF(C36="Agosto",8,IF(C36="Septiembre",9,IF(C36="Octubre",10,IF(C36="Noviembre",11,IF(C36="Diciembre",12,"")))))))))))) -> 2 | E36: 1 | F36: Sincelejo | G36: Juan Carlos Londoño | H36: 170 | I36: 170 | J36: (B) | K36: 1190000 | L36: 680 | M36: =K36/I36 -> 7000 | O36: 5 | P36: 22 | Q36: =VALUE("20"&P36) -> 2022 | R36: C | S36: ="("&R36&")" -> (C) | T36: =SUMIFS($I$2:$I$10001,$J$2:$J$10001,S36,$B$2:$B$10001,Q36,$D$2:$D$10001,O36) -> 19451
A37: 10036 | B37: 2020 | C37: Diciembre | D37: =IF(C37="Enero",1,IF(C37="Febrero",2,IF(C37="Marzo",3,IF(C37="Abril",4,IF(C37="Mayo",5,IF(C37="Junio",6,IF(C37="Julio",7,IF(C37="Agosto",8,IF(C37="Septiembre",9,IF(C37="Octubre",10,IF(C37="Noviembre",11,IF(C37="Diciembre",12,"")))))))))))) -> 12 | E37: 25 | F37: Cali | G37: Ortensia Giraldo | H37: 164 | I37: 164 | J37: (B) | K37: 1148000 | L37: 656 | M37: =K37/I37 -> 7000 | O37: 8 | P37: 20 | Q37: =VALUE("20"&P37) -> 2020 | R37: A | S37: ="("&R37&")" -> (A) | T37: =SUMIFS($I$2:$I$10001,$J$2:$J$10001,S37,$B$2:$B$10001,Q37,$D$2:$D$10001,O37) -> #VALUE!
... A56: 10055 | B56: 2020 | C56: Abril | D56: =IF(C56="Enero",1,IF(C56="Febrero",2,IF(C56="Marzo",3,IF(C56="Abril",4,IF(C56="Mayo",5,IF(C56="Junio",6,IF(C56="Julio",7,IF(C56="Agosto",8,IF(C56="Septiembre",9,IF(C56="Octubre",10,IF(C56="Noviembre",11,IF(C56="Diciembre",12,"")))))))))))) -> 4 | E56: 14 | F56: Santa Marta | G56: Carolina Navarro | H56: 229 | I56: 229 | J56: (C) | K56: 1717500 | L56: 572.5 | M56: =K56/I56 -> 7500 | O56: 11 | P56: 20 | Q56: =VALUE("20"&P56) -> 2020 | R56: A | S56: ="("&R56&")" -> (A) | T56: =SUMIFS($I$2:$I$10001,$J$2:$J$10001,S56,$B$2:$B$10001,Q56,$D$2:$D$10001,O56) -> #VALUE!
A57: 10056 | B57: 2020 | C57: Enero | D57: =IF(C57="Enero",1,IF(C57="Febrero",2,IF(C57="Marzo",3,IF(C57="Abril",4,IF(C57="Mayo",5,IF(C57="Junio",6,IF(C57="Julio",7,IF(C57="Agosto",8,IF(C57="Septiembre",9,IF(C57="Octubre",10,IF(C57="Noviembre",11,IF(C57="Diciembre",12,"")))))))))))) -> 1 | E57: 4 | F57: Manizales | G57: {=_xlfn.XLOOKUP(LARGE(IF((F57=$F$2:$F$10001)*(B57+1=$B$2:$B$10001)*(C57=$C$2:$C$10001),DATE($B$2:$B$10001,MONTH($C$2:$C$10001&1),$E$2:$E$10001)," "),1),IF((F57=$F$2:$F$10001)*(B57+1=$B$2:$B$10001)*(C57=$C$2:$C$10001),DATE($B$2:$B$10001,MONTH($C$2:$C$10001&1),$E$2:$E$10001)," "),$G$2:$G$10001,,0,1)} -> Patricia Fernandez | H57: 229 | I57: 229 | J57: (A) | K57: 984700 | L57: 526.7 | M57: =K57/I57 -> 4300 | O57: 12 | P57: 22 | Q57: =VALUE("20"&P57) -> 2022 | R57: D | S57: ="("&R57&")" -> (D) | T57: =SUMIFS($I$2:$I$10001,$J$2:$J$10001,S57,$B$2:$B$10001,Q57,$D$2:$D$10001,O57) -> 5583
A58: 10057 | B58: 2020 | C58: Octubre | D58: =IF(C58="Enero",1,IF(C58="Febrero",2,IF(C58="Marzo",3,IF(C58="Abril",4,IF(C58="Mayo",5,IF(C58="Junio",6,IF(C58="Julio",7,IF(C58="Agosto",8,IF(C58="Septiembre",9,IF(C58="Octubre",10,IF(C58="Noviembre",11,IF(C58="Diciembre",12,"")))))))))))) -> 10 | E58: 20 | F58: Neiva | G58: Patricia Fernandez | H58: 152 | I58: 152 | J58: (B) | K58: 1064000 | L58: 608 | M58: =K58/I58 -> 7000 | O58: 12 | P58: 20 | Q58: =VALUE("20"&P58) -> 2020 | R58: C | S58: ="("&R58&")" -> (C) | T58: =SUMIFS($I$2:$I$10001,$J$2:$J$10001,S58,$B$2:$B$10001,Q58,$D$2:$D$10001,O58) -> 15800
A59: 10058 | B59: 2020 | C59: Julio | D59: =IF(C59="Enero",1,IF(C59="Febrero",2,IF(C59="Marzo",3,IF(C59="Abril",4,IF(C59="Mayo",5,IF(C59="Junio",6,IF(C59="Julio",7,IF(C59="Agosto",8,IF(C59="Septiembre",9,IF(C59="Octubre",10,IF(C59="Noviembre",11,IF(C59="Diciembre",12,"")))))))))))) -> 7 | E59: 28 | F59: Santa Marta | G59: Ortensia Giraldo | H59: 93 | I59: 93 | J59: (C) | K59: 818400 | L59: 353.4 | M59: =K59/I59 -> 8800 | O59: 10 | P59: 20 | Q59: =VALUE("20"&P59) -> 2020 | R59: D | S59: ="("&R59&")" -> (D) | T59: =SUMIFS($I$2:$I$10001,$J$2:$J$10001,S59,$B$2:$B$10001,Q59,$D$2:$D$10001,O59) -> 5339.2
A60: 10059 | B60: 2020 | C60: Septiembre | D60: =IF(C60="Enero",1,IF(C60="Febrero",2,IF(C60="Marzo",3,IF(C60="Abril",4,IF(C60="Mayo",5,IF(C60="Junio",6,IF(C60="Julio",7,IF(C60="Agosto",8,IF(C60="Septiembre",9,IF(C60="Octubre",10,IF(C60="Noviembre",11,IF(C60="Diciembre",12,"")))))))))))) -> 9 | E60: 5 | F60: Pasto | G60: Patricia Fernandez | H60: 73 | I60: 73 | J60: (D) | K60: 219000 | L60: 146 | M60: =K60/I60 -> 3000 | O60: 11 | P60: 22 | Q60: =VALUE("20"&P60) -> 2022 | R60: A | S60: ="("&R60&")" -> (A) | T60: =SUMIFS($I$2:$I$10001,$J$2:$J$10001,S60,$B$2:$B$10001,Q60,$D$2:$D$10001,O60) -> 6034
A61: 10060 | B61: 2020 | C61: Agosto | D61: =IF(C61="Enero",1,IF(C61="Febrero",2,IF(C61="Marzo",3,IF(C61="Abril",4,IF(C61="Mayo",5,IF(C61="Junio",6,IF(C61="Julio",7,IF(C61="Agosto",8,IF(C61="Septiembre",9,IF(C61="Octubre",10,IF(C61="Noviembre",11,IF(C61="Diciembre",12,"")))))))))))) -> 8 | E61: 4 | F61: Santa Marta | G61: Juan Carlos Londoño | H61: 267 | I61: 267 | J61: (A) | K61: 1148100 | L61: 614.1 | M61: =K61/I61 -> 4300 | O61: 2 | P61: 22 | Q61: =VALUE("20"&P61) -> 2022 | R61: A | S61: ="("&R61&")" -> (A) | T61: =SUMIFS($I$2:$I$10001,$J$2:$J$10001,S61,$B$2:$B$10001,Q61,$D$2:$D$10001,O61) -> 16265
A62: 10061 | B62: 2020 | C62: Mayo | D62: =IF(C62="Enero",1,IF(C62="Febrero",2,IF(C62="Marzo",3,IF(C62="Abril",4,IF(C62="Mayo",5,IF(C62="Junio",6,IF(C62="Julio",7,IF(C62="Agosto",8,IF(C62="Septiembre",9,IF(C62="Octubre",10,IF(C62="Noviembre",11,IF(C62="Diciembre",12,"")))))))))))) -> 5 | E62: 24 | F62: Manizales | G62: Marcela Valencia | H62: 117 | I62: 117 | J62: (D) | K62: 351000 | L62: 234 | M62: =K62/I62 -> 3000 | O62: 2 | P62: 21 | Q62: =VALUE("20"&P62) -> 2021 | R62: B | S62: ="("&R62&")" -> (B) | T62: =SUMIFS($I$2:$I$10001,$J$2:$J$10001,S62,$B$2:$B$10001,Q62,$D$2:$D$10001,O62) -> 6075
A63: 10062 | B63: 2020 | C63: Abril | D63: =IF(C63="Enero",1,IF(C63="Febrero",2,IF(C63="Marzo",3,IF(C63="Abril",4,IF(C63="Mayo",5,IF(C63="Junio",6,IF(C63="Julio",7,IF(C63="Agosto",8,IF(C63="Septiembre",9,IF(C63="Octubre",10,IF(C63="Noviembre",11,IF(C63="Diciembre",12,"")))))))))))) -> 4 | E63: 7 | F63: Cali | G63: Patricia Fernandez | H63: 91 | I63: 91 | J63: (B) | K63: 637000 | L63: 364 | M63: =K63/I63 -> 7000 | O63: 2 | P63: 22 | Q63: =VALUE("20"&P63) -> 2022 | R63: C | S63: ="("&R63&")" -> (C) | T63: =SUMIFS($I$2:$I$10001,$J$2:$J$10001,S63,$B$2:$B$10001,Q63,$D$2:$D$10001,O63) -> 6222
A64: 10063 | B64: 2020 | C64: Mayo | D64: =IF(C64="Enero",1,IF(C64="Febrero",2,IF(C64="Marzo",3,IF(C64="Abril",4,IF(C64="Mayo",5,IF(C64="Junio",6,IF(C64="Julio",7,IF(C64="Agosto",8,IF(C64="Septiembre",9,IF(C64="Octubre",10,IF(C64="Noviembre",11,IF(C64="Diciembre",12,"")))))))))))) -> 5 | E64: 29 | F64: Valledupar | G64: Juan Carlos Londoño | H64: 70 | I64: 70 | J64: (A) | K64: 385000 | L64: 245 | M64: =K64/I64 -> 5500 | O64: 2 | P64: 20 | Q64: =VALUE("20"&P64) -> 2020 | R64: B | S64: ="("&R64&")" -> (B) | T64: =SUMIFS($I$2:$I$10001,$J$2:$J$10001,S64,$B$2:$B$10001,Q64,$D$2:$D$10001,O64) -> 7970
A65: 10064 | B65: 2020 | C65: Febrero | D65: =IF(C65="Enero",1,IF(C65="Febrero",2,IF(C65="Marzo",3,IF(C65="Abril",4,IF(C65="Mayo",5,IF(C65="Junio",6,IF(C65="Julio",7,IF(C65="Agosto",8,IF(C65="Septiembre",9,IF(C65="Octubre",10,IF(C65="Noviembre",11,IF(C65="Diciembre",12,"")))))))))))) -> 2 | E65: 15 | F65: Neiva | G65: Carolina Navarro | H65: 74 | I65: 74 | J65: (C) | K65: 651200 | L65: 281.2 | M65: =K65/I65 -> 8800 | O65: 6 | P65: 20 | Q65: =VALUE("20"&P65) -> 2020 | R65: D | S65: ="("&R65&")" -> (D) | T65: =SUMIFS($I$2:$I$10001,$J$2:$J$10001,S65,$B$2:$B$10001,Q65,$D$2:$D$10001,O65) -> 5278
A66: 10065 | B66: 2020 | C66: Octubre | D66: =IF(C66="Enero",1,IF(C66="Febrero",2,IF(C66="Marzo",3,IF(C66="Abril",4,IF(C66="Mayo",5,IF(C66="Junio",6,IF(C66="Julio",7,IF(C66="Agosto",8,IF(C66="Septiembre",9,IF(C66="Octubre",10,IF(C66="Noviembre",11,IF(C66="Diciembre",12,"")))))))))))) -> 10 | E66: 17 | F66: Manizales | G66: Juan Carlos Londoño | H66: 106 | I66: 106 | J66: (D) | K66: 318000 | L66: 212 | M66: =K66/I66 -> 3000 | O66: 10 | P66: 22 | Q66: =VALUE("20"&P66) -> 2022 | R66: B | S66: ="("&R66&")" -> (B) | T66: =SUMIFS($I$2:$I$10001,$J$2:$J$10001,S66,$B$2:$B$10001,Q66,$D$2:$D$10001,O66) -> 6853
A67: 10066 | B67: 2020 | C67: Febrero | D67: =IF(C67="Enero",1,IF(C67="Febrero",2,IF(C67="Marzo",3,IF(C67="Abril",4,IF(C67="Mayo",5,IF(C67="Junio",6,IF(C67="Julio",7,IF(C67="Agosto",8,IF(C67="Septiembre",9,IF(C67="Octubre",10,IF(C67="Noviembre",11,IF(C67="Diciembre",12,"")))))))))))) -> 2 | E67: 21 | F67: Montería | G67: Juan Carlos Londoño | H67: 255 | I67: 255 | J67: (D) | K67: 612000 | L67: 357 | M67: =K67/I67 -> 2400 | O67: 12 | P67: 21 | Q67: =VALUE("20"&P67) -> 2021 | R67: A | S67: ="("&R67&")" -> (A) | T67: =SUMIFS($I$2:$I$10001,$J$2:$J$10001,S67,$B$2:$B$10001,Q67,$D$2:$D$10001,O67) -> 5942
A68: 10067 | B68: 2020 | C68: Junio | D68: =IF(C68="Enero",1,IF(C68="Febrero",2,IF(C68="Marzo",3,IF(C68="Abril",4,IF(C68="Mayo",5,IF(C68="Junio",6,IF(C68="Julio",7,IF(C68="Agosto",8,IF(C68="Septiembre",9,IF(C68="Octubre",10,IF(C68="Noviembre",11,IF(C68="Diciembre",12,"")))))))))))) -> 6 | E68: 30 | F68: Medellín | G68: Ernesto Pérez | H68: 98 | I68: 98 | J68: (A) | K68: 539000 | L68: 343 | M68: =K68/I68 -> 5500 | O68: 2 | P68: 21 | Q68: =VALUE("20"&P68) -> 2021 | R68: A | S68: ="("&R68&")" -> (A) | T68: =SUMIFS($I$2:$I$10001,$J$2:$J$10001,S68,$B$2:$B$10001,Q68,$D$2:$D$10001,O68) -> #VALUE!
A69: 10068 | B69: 2020 | C69: Septiembre | D69: =IF(C69="Enero",1,IF(C69="Febrero",2,IF(C69="Marzo",3,IF(C69="Abril",4,IF(C69="Mayo",5,IF(C69="Junio",6,IF(C69="Julio",7,IF(C69="Agosto",8,IF(C69="Septiembre",9,IF(C69="Octubre",10,IF(C69="Noviembre",11,IF(C69="Diciembre",12,"")))))))))))) -> 9 | E69: 17 | F69: Ibagué | G69: Marcela Valencia | H69: 105 | I69: 105 | J69: (A) | K69: 577500 | L69: 367.5 | M69: =K69/I69 -> 5500 | O69: 5 | P69: 20 | Q69: =VALUE("20"&P69) -> 2020 | R69: B | S69: ="("&R69&")" -> (B) | T69: =SUMIFS($I$2:$I$10001,$J$2:$J$10001,S69,$B$2:$B$10001,Q69,$D$2:$D$10001,O69) -> 6516
... A78: 10077 | B78: 2020 | C78: Abril | D78: =IF(C78="Enero",1,IF(C78="Febrero",2,IF(C78="Marzo",3,IF(C78="Abril",4,IF(C78="Mayo",5,IF(C78="Junio",6,IF(C78="Julio",7,IF(C78="Agosto",8,IF(C78="Septiembre",9,IF(C78="Octubre",10,IF(C78="Noviembre",11,IF(C78="Diciembre",12,"")))))))))))) -> 4 | E78: 14 | F78: Pereira | G78: Ernesto Pérez | H78: 83 | I78: 83 | J78: (A) | K78: 456500 | L78: 290.5 | M78: =K78/I78 -> 5500 | O78: 8 | P78: 22 | Q78: =VALUE("20"&P78) -> 2022 | R78: A | S78: ="("&R78&")" -> (A) | T78: =SUMIFS($I$2:$I$10001,$J$2:$J$10001,S78,$B$2:$B$10001,Q78,$D$2:$D$10001,O78) -> 17394
A79: 10078 | B79: 2020 | C79: Diciembre | D79: =IF(C79="Enero",1,IF(C79="Febrero",2,IF(C79="Marzo",3,IF(C79="Abril",4,IF(C79="Mayo",5,IF(C79="Junio",6,IF(C79="Julio",7,IF(C79="Agosto",8,IF(C79="Septiembre",9,IF(C79="Octubre",10,IF(C79="Noviembre",11,IF(C79="Diciembre",12,"")))))))))))) -> 12 | E79: 30 | F79: Pasto | G79: Ernesto Pérez | I79: {=AVERAGE(_xlfn.XLOOKUP(LARGE(IF(J79=$J$2:$J$10001,IF(DATE(B79,MONTH(C79&1),E79)>=IF(($H$2:$H$10001<>"")*(J79=$J$2:$J$10001),DATE($B$2:$B$10001,MONTH($C$2:$C$10001&1),$E$2:$E$10001),""),DATE($B$2:$B$10001,MONTH($C$2:$C$10001&1),$E$2:$E$10001)+ROW($B$2:$B$10001)/10000,0),0),_xlfn.SEQUENCE(5)),IF(J79=J2:J10001,IF(DATE(B79,MONTH(C79&1),E79)>=IF(($H$2:$H$10001<>"")*(J79=$J$2:$J$10001),DATE($B$2:$B$10001,MONTH($C$2:$C$10001&1),$E$2:$E$10001),""),DATE($B$2:$B$10001,MONTH($C$2:$C$10001&1),$E$2:$E$10001)+ROW($B$2:$B$10001)/10000,0),0),$H$2:$H$10001,,0,1))} -> 102.8 | J79: (B) | K79: 1001000 | L79: 572 | M79: =K79/I79 -> 9737.3541 | O79: 7 | P79: 20 | Q79: =VALUE("20"&P79) -> 2020 | R79: B | S79: ="("&R79&")" -> (B) | T79: =SUMIFS($I$2:$I$10001,$J$2:$J$10001,S79,$B$2:$B$10001,Q79,$D$2:$D$10001,O79) -> 7487
A80: 10079 | B80: 2020 | C80: Septiembre | D80: =IF(C80="Enero",1,IF(C80="Febrero",2,IF(C80="Marzo",3,IF(C80="Abril",4,IF(C80="Mayo",5,IF(C80="Junio",6,IF(C80="Julio",7,IF(C80="Agosto",8,IF(C80="Septiembre",9,IF(C80="Octubre",10,IF(C80="Noviembre",11,IF(C80="Diciembre",12,"")))))))))))) -> 9 | E80: 19 | F80: Santa Marta | G80: Ortensia Giraldo | H80: 135 | I80: 135 | J80: (B) | K80: 945000 | L80: 540 | M80: =K80/I80 -> 7000 | O80: 1 | P80: 21 | Q80: =VALUE("20"&P80) -> 2021 | R80: B | S80: ="("&R80&")" -> (B) | T80: =SUMIFS($I$2:$I$10001,$J$2:$J$10001,S80,$B$2:$B$10001,Q80,$D$2:$D$10001,O80) -> 10237
A81: 10080 | B81: 2020 | C81: Junio | D81: =IF(C81="Enero",1,IF(C81="Febrero",2,IF(C81="Marzo",3,IF(C81="Abril",4,IF(C81="Mayo",5,IF(C81="Junio",6,IF(C81="Julio",7,IF(C81="Agosto",8,IF(C81="Septiembre",9,IF(C81="Octubre",10,IF(C81="Noviembre",11,IF(C81="Diciembre",12,"")))))))))))) -> 6 | E81: 30 | F81: Medellín | G81: Carolina Navarro | H81: 66 | I81: 66 | J81: (D) | K81: 198000 | L81: 132 | M81: =K81/I81 -> 3000 | O81: 11 | P81: 22 | Q81: =VALUE("20"&P81) -> 2022 | R81: C | S81: ="("&R81&")" -> (C) | T81: =SUMIFS($I$2:$I$10001,$J$2:$J$10001,S81,$B$2:$B$10001,Q81,$D$2:$D$10001,O81) -> 17400
A82: 10081 | B82: 2020 | C82: Mayo | D82: =IF(C82="Enero",1,IF(C82="Febrero",2,IF(C82="Marzo",3,IF(C82="Abril",4,IF(C82="Mayo",5,IF(C82="Junio",6,IF(C82="Julio",7,IF(C82="Agosto",8,IF(C82="Septiembre",9,IF(C82="Octubre",10,IF(C82="Noviembre",11,IF(C82="Diciembre",12,"")))))))))))) -> 5 | E82: 1 | F82: Ibagué | G82: Carolina Navarro | H82: 89 | I82: 89 | J82: (A) | K82: 489500 | L82: 311.5 | M82: =K82/I82 -> 5500 | O82: 11 | P82: 20 | Q82: =VALUE("20"&P82) -> 2020 | R82: C | S82: ="("&R82&")" -> (C) | T82: =SUMIFS($I$2:$I$10001,$J$2:$J$10001,S82,$B$2:$B$10001,Q82,$D$2:$D$10001,O82) -> 16887
A83: 10082 | B83: 2020 | C83: Agosto | D83: =IF(C83="Enero",1,IF(C83="Febrero",2,IF(C83="Marzo",3,IF(C83="Abril",4,IF(C83="Mayo",5,IF(C83="Junio",6,IF(C83="Julio",7,IF(C83="Agosto",8,IF(C83="Septiembre",9,IF(C83="Octubre",10,IF(C83="Noviembre",11,IF(C83="Diciembre",12,"")))))))))))) -> 8 | E83: 20 | F83: Cartagena | G83: Ortensia Giraldo | H83: 122 | I83: 122 | J83: (B) | K83: 854000 | L83: 488 | M83: =K83/I83 -> 7000 | O83: 6 | P83: 22 | Q83: =VALUE("20"&P83) -> 2022 | R83: A | S83: ="("&R83&")" -> (A) | T83: =SUMIFS($I$2:$I$10001,$J$2:$J$10001,S83,$B$2:$B$10001,Q83,$D$2:$D$10001,O83) -> 4885
A84: 10083 | B84: 2020 | C84: Abril | D84: =IF(C84="Enero",1,IF(C84="Febrero",2,IF(C84="Marzo",3,IF(C84="Abril",4,IF(C84="Mayo",5,IF(C84="Junio",6,IF(C84="Julio",7,IF(C84="Agosto",8,IF(C84="Septiembre",9,IF(C84="Octubre",10,IF(C84="Noviembre",11,IF(C84="Diciembre",12,"")))))))))))) -> 4 | E84: 9 | F84: Pereira | G84: Ortensia Giraldo | H84: 257 | I84: 257 | J84: (C) | K84: 1927500 | L84: 642.5 | M84: =K84/I84 -> 7500 | O84: 5 | P84: 20 | Q84: =VALUE("20"&P84) -> 2020 | R84: D | S84: ="("&R84&")" -> (D) | T84: =SUMIFS($I$2:$I$10001,$J$2:$J$10001,S84,$B$2:$B$10001,Q84,$D$2:$D$10001,O84) -> 6547
A85: 10084 | B85: 2020 | C85: Enero | D85: =IF(C85="Enero",1,IF(C85="Febrero",2,IF(C85="Marzo",3,IF(C85="Abril",4,IF(C85="Mayo",5,IF(C85="Junio",6,IF(C85="Julio",7,IF(C85="Agosto",8,IF(C85="Septiembre",9,IF(C85="Octubre",10,IF(C85="Noviembre",11,IF(C85="Diciembre",12,"")))))))))))) -> 1 | E85: 4 | F85: Bogotá | G85: Marcela Valencia | H85: 175 | I85: 175 | J85: (B) | K85: 1225000 | L85: 700 | M85: =K85/I85 -> 7000 | O85: 3 | P85: 22 | Q85: =VALUE("20"&P85) -> 2022 | R85: B | S85: ="("&R85&")" -> (B) | T85: =SUMIFS($I$2:$I$10001,$J$2:$J$10001,S85,$B$2:$B$10001,Q85,$D$2:$D$10001,O85) -> 8376
A86: 10085 | B86: 2020 | C86: Mayo | D86: =IF(C86="Enero",1,IF(C86="Febrero",2,IF(C86="Marzo",3,IF(C86="Abril",4,IF(C86="Mayo",5,IF(C86="Junio",6,IF(C86="Julio",7,IF(C86="Agosto",8,IF(C86="Septiembre",9,IF(C86="Octubre",10,IF(C86="Noviembre",11,IF(C86="Diciembre",12,"")))))))))))) -> 5 | E86: 25 | F86: Pasto | G86: {=_xlfn.XLOOKUP(LARGE(IF((F86=$F$2:$F$10001)*(B86+1=$B$2:$B$10001)*(C86=$C$2:$C$10001),DATE($B$2:$B$10001,MONTH($C$2:$C$10001&1),$E$2:$E$10001)," "),1),IF((F86=$F$2:$F$10001)*(B86+1=$B$2:$B$10001)*(C86=$C$2:$C$10001),DATE($B$2:$B$10001,MONTH($C$2:$C$10001&1),$E$2:$E$10001)," "),$G$2:$G$10001,,0,1)} -> Carolina Navarro | H86: 216 | I86: 216 | J86: (C) | K86: 1620000 | L86: 540 | M86: =K86/I86 -> 7500 | O86: 10 | P86: 21 | Q86: =VALUE("20"&P86) -> 2021 | R86: C | S86: ="("&R86&")" -> (C) | T86: =SUMIFS($I$2:$I$10001,$J$2:$J$10001,S86,$B$2:$B$10001,Q86,$D$2:$D$10001,O86) -> 18021
A87: 10086 | B87: 2020 | C87: Marzo | D87: =IF(C87="Enero",1,IF(C87="Febrero",2,IF(C87="Marzo",3,IF(C87="Abril",4,IF(C87="Mayo",5,IF(C87="Junio",6,IF(C87="Julio",7,IF(C87="Agosto",8,IF(C87="Septiembre",9,IF(C87="Octubre",10,IF(C87="Noviembre",11,IF(C87="Diciembre",12,"")))))))))))) -> 3 | E87: 17 | F87: Ibagué | G87: Marcela Valencia | H87: 97 | I87: 97 | J87: (D) | K87: 291000 | L87: 194 | M87: =K87/I87 -> 3000 | O87: 4 | P87: 21 | Q87: =VALUE("20"&P87) -> 2021 | R87: D | S87: ="("&R87&")" -> (D) | T87: =SUMIFS($I$2:$I$10001,$J$2:$J$10001,S87,$B$2:$B$10001,Q87,$D$2:$D$10001,O87) -> 5589
A88: 10087 | B88: 2020 | C88: Enero | D88: =IF(C88="Enero",1,IF(C88="Febrero",2,IF(C88="Marzo",3,IF(C88="Abril",4,IF(C88="Mayo",5,IF(C88="Junio",6,IF(C88="Julio",7,IF(C88="Agosto",8,IF(C88="Septiembre",9,IF(C88="Octubre",10,IF(C88="Noviembre",11,IF(C88="Diciembre",12,"")))))))))))) -> 1 | E88: 14 | F88: Montería | G88: Ortensia Giraldo | H88: 204 | I88: 204 | J88: (A) | K88: 877200 | L88: 469.2 | M88: =K88/I88 -> 4300 | O88: 9 | P88: 22 | Q88: =VALUE("20"&P88) -> 2022 | R88: C | S88: ="("&R88&")" -> (C) | T88: =SUMIFS($I$2:$I$10001,$J$2:$J$10001,S88,$B$2:$B$10001,Q88,$D$2:$D$10001,O88) -> 18043
A89: 10088 | B89: 2020 | C89: Agosto | D89: =IF(C89="Enero",1,IF(C89="Febrero",2,IF(C89="Marzo",3,IF(C89="Abril",4,IF(C89="Mayo",5,IF(C89="Junio",6,IF(C89="Julio",7,IF(C89="Agosto",8,IF(C89="Septiembre",9,IF(C89="Octubre",10,IF(C89="Noviembre",11,IF(C89="Diciembre",12,"")))))))))))) -> 8 | E89: 12 | F89: Montería | G89: Ortensia Giraldo | H89: 96 | I89: 96 | J89: (B) | K89: 672000 | L89: 384 | M89: =K89/I89 -> 7000 | O89: 9 | P89: 22 | Q89: =VALUE("20"&P89) -> 2022 | R89: B | S89: ="("&R89&")" -> (B) | T89: =SUMIFS($I$2:$I$10001,$J$2:$J$10001,S89,$B$2:$B$10001,Q89,$D$2:$D$10001,O89) -> 7130
A90: 10089 | B90: 2020 | C90: Enero | D90: =IF(C90="Enero",1,IF(C90="Febrero",2,IF(C90="Marzo",3,IF(C90="Abril",4,IF(C90="Mayo",5,IF(C90="Junio",6,IF(C90="Julio",7,IF(C90="Agosto",8,IF(C90="Septiembre",9,IF(C90="Octubre",10,IF(C90="Noviembre",11,IF(C90="Diciembre",12,"")))))))))))) -> 1 | E90: 18 | F90: Villavicencio | G90: Ortensia Giraldo | H90: 114 | I90: 114 | J90: (B) | K90: 798000 | L90: 456 | M90: =K90/I90 -> 7000 | O90: 8 | P90: 20 | Q90: =VALUE("20"&P90) -> 2020 | R90: D | S90: ="("&R90&")" -> (D) | T90: =SUMIFS($I$2:$I$10001,$J$2:$J$10001,S90,$B$2:$B$10001,Q90,$D$2:$D$10001,O90) -> 14131
A91: 10090 | B91: 2020 | C91: Julio | D91: =IF(C91="Enero",1,IF(C91="Febrero",2,IF(C91="Marzo",3,IF(C91="Abril",4,IF(C91="Mayo",5,IF(C91="Junio",6,IF(C91="Julio",7,IF(C91="Agosto",8,IF(C91="Septiembre",9,IF(C91="Octubre",10,IF(C91="Noviembre",11,IF(C91="Diciembre",12,"")))))))))))) -> 7 | E91: 30 | F91: Cali | G91: Ortensia Giraldo | H91: 142 | I91: 142 | J91: (B) | K91: 994000 | L91: 568 | M91: =K91/I91 -> 7000 | O91: 10 | P91: 21 | Q91: =VALUE("20"&P91) -> 2021 | R91: D | S91: ="("&R91&")" -> (D) | T91: =SUMIFS($I$2:$I$10001,$J$2:$J$10001,S91,$B$2:$B$10001,Q91,$D$2:$D$10001,O91) -> 5527
A92: 10091 | B92: 2020 | C92: Diciembre | D92: =IF(C92="Enero",1,IF(C92="Febrero",2,IF(C92="Marzo",3,IF(C92="Abril",4,IF(C92="Mayo",5,IF(C92="Junio",6,IF(C92="Julio",7,IF(C92="Agosto",8,IF(C92="Septiembre",9,IF(C92="Octubre",10,IF(C92="Noviembre",11,IF(C92="Diciembre",12,"")))))))))))) -> 12 | E92: 12 | F92: Cúcuta | G92: Ernesto Pérez | H92: 87 | I92: 87 | J92: (D) | K92: 261000 | L92: 174 | M92: =K92/I92 -> 3000 | O92: 2 | P92: 22 | Q92: =VALUE("20"&P92) -> 2022 | R92: B | S92: ="("&R92&")" -> (B) | T92: =SUMIFS($I$2:$I$10001,$J$2:$J$10001,S92,$B$2:$B$10001,Q92,$D$2:$D$10001,O92) -> 7659
A93: 10092 | B93: 2020 | C93: Febrero | D93: =IF(C93="Enero",1,IF(C93="Febrero",2,IF(C93="Marzo",3,IF(C93="Abril",4,IF(C93="Mayo",5,IF(C93="Junio",6,IF(C93="Julio",7,IF(C93="Agosto",8,IF(C93="Septiembre",9,IF(C93="Octubre",10,IF(C93="Noviembre",11,IF(C93="Diciembre",12,"")))))))))))) -> 2 | E93: 19 | F93: Valledupar | G93: Ernesto Pérez | H93: 84 | I93: 84 | J93: (B) | K93: 588000 | L93: 336 | M93: =K93/I93 -> 7000 | O93: 4 | P93: 22 | Q93: =VALUE("20"&P93) -> 2022 | R93: C | S93: ="("&R93&")" -> (C) | T93: =SUMIFS($I$2:$I$10001,$J$2:$J$10001,S93,$B$2:$B$10001,Q93,$D$2:$D$10001,O93) -> 18698
A94: 10093 | B94: 2020 | C94: Mayo | D94: =IF(C94="Enero",1,IF(C94="Febrero",2,IF(C94="Marzo",3,IF(C94="Abril",4,IF(C94="Mayo",5,IF(C94="Junio",6,IF(C94="Julio",7,IF(C94="Agosto",8,IF(C94="Septiembre",9,IF(C94="Octubre",10,IF(C94="Noviembre",11,IF(C94="Diciembre",12,"")))))))))))) -> 5 | E94: 1 | F94: Cartagena | G94: Marcela Valencia | H94: 92 | I94: 92 | J94: (D) | K94: 276000 | L94: 184 | M94: =K94/I94 -> 3000 | O94: 3 | P94: 20 | Q94: =VALUE("20"&P94) -> 2020 | R94: C | S94: ="("&R94&")" -> (C) | T94: =SUMIFS($I$2:$I$10001,$J$2:$J$10001,S94,$B$2:$B$10001,Q94,$D$2:$D$10001,O94) -> 17006
A95: 10094 | B95: 2020 | C95: Julio | D95: =IF(C95="Enero",1,IF(C95="Febrero",2,IF(C95="Marzo",3,IF(C95="Abril",4,IF(C95="Mayo",5,IF(C95="Junio",6,IF(C95="Julio",7,IF(C95="Agosto",8,IF(C95="Septiembre",9,IF(C95="Octubre",10,IF(C95="Noviembre",11,IF(C95="Diciembre",12,"")))))))))))) -> 7 | E95: 25 | F95: Santa Marta | G95: Carolina Navarro | H95: 265 | I95: 265 | J95: (A) | K95: 1139500 | L95: 609.5 | M95: =K95/I95 -> 4300 | O95: 4 | P95: 20 | Q95: =VALUE("20"&P95) -> 2020 | R95: B | S95: ="("&R95&")" -> (B) | T95: =SUMIFS($I$2:$I$10001,$J$2:$J$10001,S95,$B$2:$B$10001,Q95,$D$2:$D$10001,O95) -> 5589
A96: 10095 | B96: 2020 | C96: Agosto | D96: =IF(C96="Enero",1,IF(C96="Febrero",2,IF(C96="Marzo",3,IF(C96="Abril",4,IF(C96="Mayo",5,IF(C96="Junio",6,IF(C96="Julio",7,IF(C96="Agosto",8,IF(C96="Septiembre",9,IF(C96="Octubre",10,IF(C96="Noviembre",11,IF(C96="Diciembre",12,"")))))))))))) -> 8 | E96: 28 | F96: Bogotá | G96: Ortensia Giraldo | H96: 275 | I96: 275 | J96: (D) | K96: 660000 | L96: 385 | M96: =K96/I96 -> 2400 | O96: 4 | P96: 22 | Q96: =VALUE("20"&P96) -> 2022 | R96: B | S96: ="("&R96&")" -> (B) | T96: =SUMIFS($I$2:$I$10001,$J$2:$J$10001,S96,$B$2:$B$10001,Q96,$D$2:$D$10001,O96) -> 7878
A97: 10096 | B97: 2020 | C97: Febrero | D97: =IF(C97="Enero",1,IF(C97="Febrero",2,IF(C97="Marzo",3,IF(C97="Abril",4,IF(C97="Mayo",5,IF(C97="Junio",6,IF(C97="Julio",7,IF(C97="Agosto",8,IF(C97="Septiembre",9,IF(C97="Octubre",10,IF(C97="Noviembre",11,IF(C97="Diciembre",12,"")))))))))))) -> 2 | E97: 5 | F97: Bucaramanga | G97: Ernesto Pérez | H97: 101 | I97: 101 | J97: (B) | K97: 707000 | L97: 404 | M97: =K97/I97 -> 7000 | O97: 3 | P97: 22 | Q97: =VALUE("20"&P97) -> 2022 | R97: A | S97: ="("&R97&")" -> (A) | T97: =SUMIFS($I$2:$I$10001,$J$2:$J$10001,S97,$B$2:$B$10001,Q97,$D$2:$D$10001,O97) -> 7299
A98: 10097 | B98: 2020 | C98: Mayo | D98: =IF(C98="Enero",1,IF(C98="Febrero",2,IF(C98="Marzo",3,IF(C98="Abril",4,IF(C98="Mayo",5,IF(C98="Junio",6,IF(C98="Julio",7,IF(C98="Agosto",8,IF(C98="Septiembre",9,IF(C98="Octubre",10,IF(C98="Noviembre",11,IF(C98="Diciembre",12,"")))))))))))) -> 5 | E98: 10 | F98: Popayán | G98: Ernesto Pérez | H98: 70 | I98: 70 | J98: (A) | K98: 385000 | L98: 245 | M98: =K98/I98 -> 5500 | O98: 7 | P98: 20 | Q98: =VALUE("20"&P98) -> 2020 | R98: A | S98: ="("&R98&")" -> (A) | T98: =SUMIFS($I$2:$I$10001,$J$2:$J$10001,S98,$B$2:$B$10001,Q98,$D$2:$D$10001,O98) -> 19987
... A100: 10099 | B100: 2020 | C100: Febrero | D100: =IF(C100="Enero",1,IF(C100="Febrero",2,IF(C100="Marzo",3,IF(C100="Abril",4,IF(C100="Mayo",5,IF(C100="Junio",6,IF(C100="Julio",7,IF(C100="Agosto",8,IF(C100="Septiembre",9,IF(C100="Octubre",10,IF(C100="Noviembre",11,IF(C100="Diciembre",12,"")))))))))))) -> 2 | E100: 26 | F100: Bogotá | G100: Juan Carlos Londoño | H100: 107 | I100: 107 | J100: (B) | K100: 749000 | L100: 428 | M100: =K100/I100 -> 7000 | O100: 1 | P100: 21 | Q100: =VALUE("20"&P100) -> 2021 | R100: C | S100: ="("&R100&")" -> (C) | T100: =SUMIFS($I$2:$I$10001,$J$2:$J$10001,S100,$B$2:$B$10001,Q100,$D$2:$D$10001,O100) -> 5974
A101: 10100 | B101: 2020 | C101: Octubre | D101: =IF(C101="Enero",1,IF(C101="Febrero",2,IF(C101="Marzo",3,IF(C101="Abril",4,IF(C101="Mayo",5,IF(C101="Junio",6,IF(C101="Julio",7,IF(C101="Agosto",8,IF(C101="Septiembre",9,IF(C101="Octubre",10,IF(C101="Noviembre",11,IF(C101="Diciembre",12,"")))))))))))) -> 10 | E101: 25 | F101: Cúcuta | G101: Ernesto Pérez | I101: {=AVERAGE(_xlfn.XLOOKUP(LARGE(IF(J101=$J$2:$J$10001,IF(DATE(B101,MONTH(C101&1),E101)>=IF(($H$2:$H$10001<>"")*(J101=$J$2:$J$10001),DATE($B$2:$B$10001,MONTH($C$2:$C$10001&1),$E$2:$E$10001),""),DATE($B$2:$B$10001,MONTH($C$2:$C$10001&1),$E$2:$E$10001)+ROW($B$2:$B$10001)/10000,0),0),_xlfn.SEQUENCE(5)),IF(J101=$J$2:$J$10001,IF(DATE(B101,MONTH(C101&1),E101)>=IF(($H$2:$H$10001<>"")*(J101=$J$2:$J$10001),DATE($B$2:$B$10001,MONTH($C$2:$C$10001&1),$E$2:$E$10001),""),DATE($B$2:$B$10001,MONTH($C$2:$C$10001&1),$E$2:$E$10001)+ROW($B$2:$B$10001)/10000,0),0),$H$2:$H$10001,,0,1))} -> 64.2 | J101: (D) | K101: 219000 | L101: 146 | M101: =K101/I101 -> 3411.215 | O101: 11 | P101: 21 | Q101: =VALUE("20"&P101) -> 2021 | R101: A | S101: ="("&R101&")" -> (A) | T101: =SUMIFS($I$2:$I$10001,$J$2:$J$10001,S101,$B$2:$B$10001,Q101,$D$2:$D$10001,O101) -> 5810
A102: 10101 | B102: 2020 | C102: Marzo | D102: =IF(C102="Enero",1,IF(C102="Febrero",2,IF(C102="Marzo",3,IF(C102="Abril",4,IF(C102="Mayo",5,IF(C102="Junio",6,IF(C102="Julio",7,IF(C102="Agosto",8,IF(C102="Septiembre",9,IF(C102="Octubre",10,IF(C102="Noviembre",11,IF(C102="Diciembre",12,"")))))))))))) -> 3 | E102: 14 | F102: Neiva | G102: Patricia Fernandez | H102: 298 | I102: 298 | J102: (C) | K102: 2235000 | L102: 745 | M102: =K102/I102 -> 7500 | O102: 6 | P102: 20 | Q102: =VALUE("20"&P102) -> 2020 | R102: C | S102: ="("&R102&")" -> (C) | T102: =SUMIFS($I$2:$I$10001,$J$2:$J$10001,S102,$B$2:$B$10001,Q102,$D$2:$D$10001,O102) -> 17510
A103: 10102 | B103: 2020 | C103: Noviembre | D103: =IF(C103="Enero",1,IF(C103="Febrero",2,IF(C103="Marzo",3,IF(C103="Abril",4,IF(C103="Mayo",5,IF(C103="Junio",6,IF(C103="Julio",7,IF(C103="Agosto",8,IF(C103="Septiembre",9,IF(C103="Octubre",10,IF(C103="Noviembre",11,IF(C103="Diciembre",12,"")))))))))))) -> 11 | E103: 14 | F103: Popayán | G103: Marcela Valencia | H103: 93 | I103: 93 | J103: (A) | K103: 511500 | L103: 325.5 | M103: =K103/I103 -> 5500 | O103: 10 | P103: 21 | Q103: =VALUE("20"&P103) -> 2021 | R103: A | S103: ="("&R103&")" -> (A) | T103: =SUMIFS($I$2:$I$10001,$J$2:$J$10001,S103,$B$2:$B$10001,Q103,$D$2:$D$10001,O103) -> 6419
A104: 10103 | B104: 2020 | C104: Noviembre | D104: =IF(C104="Enero",1,IF(C104="Febrero",2,IF(C104="Marzo",3,IF(C104="Abril",4,IF(C104="Mayo",5,IF(C104="Junio",6,IF(C104="Julio",7,IF(C104="Agosto",8,IF(C104="Septiembre",9,IF(C104="Octubre",10,IF(C104="Noviembre",11,IF(C104="Diciembre",12,"")))))))))))) -> 11 | E104: 19 | F104: Medellín | G104: Carolina Navarro | H104: 88 | I104: 88 | J104: (B) | K104: 616000 | L104: 352 | M104: =K104/I104 -> 7000 | O104: 2 | P104: 22 | Q104: =VALUE("20"&P104) -> 2022 | R104: D | S104: ="("&R104&")" -> (D) | T104: =SUMIFS($I$2:$I$10001,$J$2:$J$10001,S104,$B$2:$B$10001,Q104,$D$2:$D$10001,O104) -> 17149
A105: 10104 | B105: 2020 | C105: Agosto | D105: =IF(C105="Enero",1,IF(C105="Febrero",2,IF(C105="Marzo",3,IF(C105="Abril",4,IF(C105="Mayo",5,IF(C105="Junio",6,IF(C105="Julio",7,IF(C105="Agosto",8,IF(C105="Septiembre",9,IF(C105="Octubre",10,IF(C105="Noviembre",11,IF(C105="Diciembre",12,"")))))))))))) -> 8 | E105: 19 | F105: Villavicencio | G105: Ortensia Giraldo | H105: 251 | I105: 251 | J105: (A) | K105: 1079300 | L105: 577.3 | M105: =K105/I105 -> 4300 | O105: 8 | P105: 22 | Q105: =VALUE("20"&P105) -> 2022 | R105: D | S105: ="("&R105&")" -> (D) | T105: =SUMIFS($I$2:$I$10001,$J$2:$J$10001,S105,$B$2:$B$10001,Q105,$D$2:$D$10001,O105) -> 14758
A106: 10105 | B106: 2020 | C106: Junio | D106: =IF(C106="Enero",1,IF(C106="Febrero",2,IF(C106="Marzo",3,IF(C106="Abril",4,IF(C106="Mayo",5,IF(C106="Junio",6,IF(C106="Julio",7,IF(C106="Agosto",8,IF(C106="Septiembre",9,IF(C106="Octubre",10,IF(C106="Noviembre",11,IF(C106="Diciembre",12,"")))))))))))) -> 6 | E106: 5 | F106: Neiva | G106: Juan Carlos Londoño | H106: 58 | I106: 58 | J106: (A) | K106: 319000 | L106: 203 | M106: =K106/I106 -> 5500 | O106: 9 | P106: 21 | Q106: =VALUE("20"&P106) -> 2021 | R106: D | S106: ="("&R106&")" -> (D) | T106: =SUMIFS($I$2:$I$10001,$J$2:$J$10001,S106,$B$2:$B$10001,Q106,$D$2:$D$10001,O106) -> #VALUE!
A107: 10106 | B107: 2020 | C107: Mayo | D107: =IF(C107="Enero",1,IF(C107="Febrero",2,IF(C107="Marzo",3,IF(C107="Abril",4,IF(C107="Mayo",5,IF(C107="Junio",6,IF(C107="Julio",7,IF(C107="Agosto",8,IF(C107="Septiembre",9,IF(C107="Octubre",10,IF(C107="Noviembre",11,IF(C107="Diciembre",12,"")))))))))))) -> 5 | E107: 6 | F107: Cartagena | G107: Ortensia Giraldo | H107: 96 | I107: 96 | J107: (A) | K107: 528000 | L107: 336 | M107: =K107/I107 -> 5500 | O107: 9 | P107: 20 | Q107: =VALUE("20"&P107) -> 2020 | R107: C | S107: ="("&R107&")" -> (C) | T107: =SUMIFS($I$2:$I$10001,$J$2:$J$10001,S107,$B$2:$B$10001,Q107,$D$2:$D$10001,O107) -> 15842.6
A108: 10107 | B108: 2020 | C108: Octubre | D108: =IF(C108="Enero",1,IF(C108="Febrero",2,IF(C108="Marzo",3,IF(C108="Abril",4,IF(C108="Mayo",5,IF(C108="Junio",6,IF(C108="Julio",7,IF(C108="Agosto",8,IF(C108="Septiembre",9,IF(C108="Octubre",10,IF(C108="Noviembre",11,IF(C108="Diciembre",12,"")))))))))))) -> 10 | E108: 4 | F108: Ibagué | G108: Carolina Navarro | H108: 69 | I108: 69 | J108: (B) | K108: 483000 | L108: 276 | M108: =K108/I108 -> 7000 | O108: 5 | P108: 22 | Q108: =VALUE("20"&P108) -> 2022 | R108: A | S108: ="("&R108&")" -> (A) | T108: =SUMIFS($I$2:$I$10001,$J$2:$J$10001,S108,$B$2:$B$10001,Q108,$D$2:$D$10001,O108) -> 6692
A109: 10108 | B109: 2020 | C109: Febrero | D109: =IF(C109="Enero",1,IF(C109="Febrero",2,IF(C109="Marzo",3,IF(C109="Abril",4,IF(C109="Mayo",5,IF(C109="Junio",6,IF(C109="Julio",7,IF(C109="Agosto",8,IF(C109="Septiembre",9,IF(C109="Octubre",10,IF(C109="Noviembre",11,IF(C109="Diciembre",12,"")))))))))))) -> 2 | E109: 5 | F109: Santa Marta | G109: Patricia Fernandez | H109: 253 | I109: 253 | J109: (A) | K109: 1087900 | L109: 581.9 | M109: =K109/I109 -> 4300 | O109: 11 | P109: 21 | Q109: =VALUE("20"&P109) -> 2021 | R109: B | S109: ="("&R109&")" -> (B) | T109: =SUMIFS($I$2:$I$10001,$J$2:$J$10001,S109,$B$2:$B$10001,Q109,$D$2:$D$10001,O109) -> 8685
A110: 10109 | B110: 2020 | C110: Septiembre | D110: =IF(C110="Enero",1,IF(C110="Febrero",2,IF(C110="Marzo",3,IF(C110="Abril",4,IF(C110="Mayo",5,IF(C110="Junio",6,IF(C110="Julio",7,IF(C110="Agosto",8,IF(C110="Septiembre",9,IF(C110="Octubre",10,IF(C110="Noviembre",11,IF(C110="Diciembre",12,"")))))))))))) -> 9 | E110: 27 | F110: Pereira | G110: Ernesto Pérez | H110: 114 | I110: 114 | J110: (A) | K110: 627000 | L110: 399 | M110: =K110/I110 -> 5500 | O110: 12 | P110: 20 | Q110: =VALUE("20"&P110) -> 2020 | R110: B | S110: ="("&R110&")" -> (B) | T110: =SUMIFS($I$2:$I$10001,$J$2:$J$10001,S110,$B$2:$B$10001,Q110,$D$2:$D$10001,O110) -> 8805.8
A111: 10110 | B111: 2020 | C111: Octubre | D111: =IF(C111="Enero",1,IF(C111="Febrero",2,IF(C111="Marzo",3,IF(C111="Abril",4,IF(C111="Mayo",5,IF(C111="Junio",6,IF(C111="Julio",7,IF(C111="Agosto",8,IF(C111="Septiembre",9,IF(C111="Octubre",10,IF(C111="Noviembre",11,IF(C111="Diciembre",12,"")))))))))))) -> 10 | E111: 21 | F111: Bogotá | G111: Ortensia Giraldo | H111: 65 | I111: 65 | J111: (D) | K111: 195000 | L111: 130 | M111: =K111/I111 -> 3000 | O111: 8 | P111: 20 | Q111: =VALUE("20"&P111) -> 2020 | R111: C | S111: ="("&R111&")" -> (C) | T111: =SUMIFS($I$2:$I$10001,$J$2:$J$10001,S111,$B$2:$B$10001,Q111,$D$2:$D$10001,O111) -> 6803
A112: 10111 | B112: 2020 | C112: Marzo | D112: =IF(C112="Enero",1,IF(C112="Febrero",2,IF(C112="Marzo",3,IF(C112="Abril",4,IF(C112="Mayo",5,IF(C112="Junio",6,IF(C112="Julio",7,IF(C112="Agosto",8,IF(C112="Septiembre",9,IF(C112="Octubre",10,IF(C112="Noviembre",11,IF(C112="Diciembre",12,"")))))))))))) -> 3 | E112: 21 | F112: Santa Marta | G112: Patricia Fernandez | H112: 106 | I112: 106 | J112: (A) | K112: 583000 | L112: 371 | M112: =K112/I112 -> 5500 | O112: 9 | P112: 20 | Q112: =VALUE("20"&P112) -> 2020 | R112: D | S112: ="("&R112&")" -> (D) | T112: =SUMIFS($I$2:$I$10001,$J$2:$J$10001,S112,$B$2:$B$10001,Q112,$D$2:$D$10001,O112) -> 5366
A113: 10112 | B113: 2020 | C113: Diciembre | D113: =IF(C113="Enero",1,IF(C113="Febrero",2,IF(C113="Marzo",3,IF(C113="Abril",4,IF(C113="Mayo",5,IF(C113="Junio",6,IF(C113="Julio",7,IF(C113="Agosto",8,IF(C113="Septiembre",9,IF(C113="Octubre",10,IF(C113="Noviembre",11,IF(C113="Diciembre",12,"")))))))))))) -> 12 | E113: 14 | F113: Cali | G113: Ortensia Giraldo | H113: 112 | I113: 112 | J113: (B) | K113: 784000 | L113: 448 | M113: =K113/I113 -> 7000 | O113: 2 | P113: 20 | Q113: =VALUE("20"&P113) -> 2020 | R113: A | S113: ="("&R113&")" -> (A) | T113: =SUMIFS($I$2:$I$10001,$J$2:$J$10001,S113,$B$2:$B$10001,Q113,$D$2:$D$10001,O113) -> 17681
... A137: 10136 | B137: 2020 | C137: Abril | D137: =IF(C137="Enero",1,IF(C137="Febrero",2,IF(C137="Marzo",3,IF(C137="Abril",4,IF(C137="Mayo",5,IF(C137="Junio",6,IF(C137="Julio",7,IF(C137="Agosto",8,IF(C137="Septiembre",9,IF(C137="Octubre",10,IF(C137="Noviembre",11,IF(C137="Diciembre",12,"")))))))))))) -> 4 | E137: 14 | F137: Cali | G137: Patricia Fernandez | H137: 114 | I137: 114 | J137: (D) | K137: 342000 | L137: 228 | M137: =K137/I137 -> 3000 | O137: 10 | P137: 21 | Q137: =VALUE("20"&P137) -> 2021 | R137: B | S137: ="("&R137&")" -> (B) | T137: =SUMIFS($I$2:$I$10001,$J$2:$J$10001,S137,$B$2:$B$10001,Q137,$D$2:$D$10001,O137) -> 7423
A138: 10137 | B138: 2020 | C138: Abril | D138: =IF(C138="Enero",1,IF(C138="Febrero",2,IF(C138="Marzo",3,IF(C138="Abril",4,IF(C138="Mayo",5,IF(C138="Junio",6,IF(C138="Julio",7,IF(C138="Agosto",8,IF(C138="Septiembre",9,IF(C138="Octubre",10,IF(C138="Noviembre",11,IF(C138="Diciembre",12,"")))))))))))) -> 4 | E138: 19 | F138: Cali | G138: {=_xlfn.XLOOKUP(LARGE(IF((F138=$F$2:$F$10001)*(B138+1=$B$2:$B$10001)*(C138=$C$2:$C$10001),DATE($B$2:$B$10001,MONTH($C$2:$C$10001&1),$E$2:$E$10001)," "),1),IF((F138=$F$2:$F$10001)*(B138+1=$B$2:$B$10001)*(C138=$C$2:$C$10001),DATE($B$2:$B$10001,MONTH($C$2:$C$10001&1),$E$2:$E$10001)," "),$G$2:$G$10001,,0,1)} -> Patricia Fernandez | H138: 98 | I138: 98 | J138: (B) | K138: 686000 | L138: 392 | M138: =K138/I138 -> 7000 | O138: 11 | P138: 20 | Q138: =VALUE("20"&P138) -> 2020 | R138: D | S138: ="("&R138&")" -> (D) | T138: =SUMIFS($I$2:$I$10001,$J$2:$J$10001,S138,$B$2:$B$10001,Q138,$D$2:$D$10001,O138) -> 6416
A139: 10138 | B139: 2020 | C139: Agosto | D139: =IF(C139="Enero",1,IF(C139="Febrero",2,IF(C139="Marzo",3,IF(C139="Abril",4,IF(C139="Mayo",5,IF(C139="Junio",6,IF(C139="Julio",7,IF(C139="Agosto",8,IF(C139="Septiembre",9,IF(C139="Octubre",10,IF(C139="Noviembre",11,IF(C139="Diciembre",12,"")))))))))))) -> 8 | E139: 9 | F139: Ibagué | G139: Patricia Fernandez | H139: 179 | I139: 179 | J139: (B) | K139: 1253000 | L139: 716 | M139: =K139/I139 -> 7000 | O139: 5 | P139: 22 | Q139: =VALUE("20"&P139) -> 2022 | R139: B | S139: ="("&R139&")" -> (B) | T139: =SUMIFS($I$2:$I$10001,$J$2:$J$10001,S139,$B$2:$B$10001,Q139,$D$2:$D$10001,O139) -> 9224
A140: 10139 | B140: 2020 | C140: Marzo | D140: =IF(C140="Enero",1,IF(C140="Febrero",2,IF(C140="Marzo",3,IF(C140="Abril",4,IF(C140="Mayo",5,IF(C140="Junio",6,IF(C140="Julio",7,IF(C140="Agosto",8,IF(C140="Septiembre",9,IF(C140="Octubre",10,IF(C140="Noviembre",11,IF(C140="Diciembre",12,"")))))))))))) -> 3 | E140: 23 | F140: Sincelejo | G140: Juan Carlos Londoño | H140: 157 | I140: 157 | J140: (B) | K140: 1099000 | L140: 628 | M140: =K140/I140 -> 7000 | O140: 5 | P140: 21 | Q140: =VALUE("20"&P140) -> 2021 | R140: B | S140: ="("&R140&")" -> (B) | T140: =SUMIFS($I$2:$I$10001,$J$2:$J$10001,S140,$B$2:$B$10001,Q140,$D$2:$D$10001,O140) -> 9064
A141: 10140 | B141: 2020 | C141: Octubre | D141: =IF(C141="Enero",1,IF(C141="Febrero",2,IF(C141="Marzo",3,IF(C141="Abril",4,IF(C141="Mayo",5,IF(C141="Junio",6,IF(C141="Julio",7,IF(C141="Agosto",8,IF(C141="Septiembre",9,IF(C141="Octubre",10,IF(C141="Noviembre",11,IF(C141="Diciembre",12,"")))))))))))) -> 10 | E141: 28 | F141: Medellín | G141: {=_xlfn.XLOOKUP(LARGE(IF((F141=$F$2:$F$10001)*(B141+1=$B$2:$B$10001)*(C141=$C$2:$C$10001),DATE($B$2:$B$10001,MONTH($C$2:$C$10001&1),$E$2:$E$10001)," "),1),IF((F141=$F$2:$F$10001)*(B141+1=$B$2:$B$10001)*(C141=$C$2:$C$10001),DATE($B$2:$B$10001,MONTH($C$2:$C$10001&1),$E$2:$E$10001)," "),$G$2:$G$10001,,0,1)} -> Juan Carlos Londoño | H141: 70 | I141: 70 | J141: (A) | K141: 385000 | L141: 245 | M141: =K141/I141 -> 5500 | O141: 11 | P141: 20 | Q141: =VALUE("20"&P141) -> 2020 | R141: B | S141: ="("&R141&")" -> (B) | T141: =SUMIFS($I$2:$I$10001,$J$2:$J$10001,S141,$B$2:$B$10001,Q141,$D$2:$D$10001,O141) -> 6422
A142: 10141 | B142: 2020 | C142: Agosto | D142: =IF(C142="Enero",1,IF(C142="Febrero",2,IF(C142="Marzo",3,IF(C142="Abril",4,IF(C142="Mayo",5,IF(C142="Junio",6,IF(C142="Julio",7,IF(C142="Agosto",8,IF(C142="Septiembre",9,IF(C142="Octubre",10,IF(C142="Noviembre",11,IF(C142="Diciembre",12,"")))))))))))) -> 8 | E142: 6 | F142: Medellín | G142: Marcela Valencia | H142: 95 | I142: 95 | J142: (C) | K142: 836000 | L142: 361 | M142: =K142/I142 -> 8800 | O142: 6 | P142: 21 | Q142: =VALUE("20"&P142) -> 2021 | R142: C | S142: ="("&R142&")" -> (C) | T142: =SUMIFS($I$2:$I$10001,$J$2:$J$10001,S142,$B$2:$B$10001,Q142,$D$2:$D$10001,O142) -> 16068
A143: 10142 | B143: 2020 | C143: Mayo | D143: =IF(C143="Enero",1,IF(C143="Febrero",2,IF(C143="Marzo",3,IF(C143="Abril",4,IF(C143="Mayo",5,IF(C143="Junio",6,IF(C143="Julio",7,IF(C143="Agosto",8,IF(C143="Septiembre",9,IF(C143="Octubre",10,IF(C143="Noviembre",11,IF(C143="Diciembre",12,"")))))))))))) -> 5 | E143: 28 | F143: Ibagué | G143: Marcela Valencia | H143: 50 | I143: 50 | J143: (D) | K143: 150000 | L143: 100 | M143: =K143/I143 -> 3000 | O143: 10 | P143: 22 | Q143: =VALUE("20"&P143) -> 2022 | R143: A | S143: ="("&R143&")" -> (A) | T143: =SUMIFS($I$2:$I$10001,$J$2:$J$10001,S143,$B$2:$B$10001,Q143,$D$2:$D$10001,O143) -> 5434
A144: 10143 | B144: 2020 | C144: Octubre | D144: =IF(C144="Enero",1,IF(C144="Febrero",2,IF(C144="Marzo",3,IF(C144="Abril",4,IF(C144="Mayo",5,IF(C144="Junio",6,IF(C144="Julio",7,IF(C144="Agosto",8,IF(C144="Septiembre",9,IF(C144="Octubre",10,IF(C144="Noviembre",11,IF(C144="Diciembre",12,"")))))))))))) -> 10 | E144: 4 | F144: Barranquilla | G144: Ortensia Giraldo | H144: 81 | I144: 81 | J144: (A) | K144: 445500 | L144: 283.5 | M144: =K144/I144 -> 5500 | O144: 1 | P144: 22 | Q144: =VALUE("20"&P144) -> 2022 | R144: A | S144: ="("&R144&")" -> (A) | T144: =SUMIFS($I$2:$I$10001,$J$2:$J$10001,S144,$B$2:$B$10001,Q144,$D$2:$D$10001,O144) -> 18016
A145: 10144 | B145: 2020 | C145: Agosto | D145: =IF(C145="Enero",1,IF(C145="Febrero",2,IF(C145="Marzo",3,IF(C145="Abril",4,IF(C145="Mayo",5,IF(C145="Junio",6,IF(C145="Julio",7,IF(C145="Agosto",8,IF(C145="Septiembre",9,IF(C145="Octubre",10,IF(C145="Noviembre",11,IF(C145="Diciembre",12,"")))))))))))) -> 8 | E145: 18 | F145: Pereira | G145: Marcela Valencia | H145: 236 | I145: 236 | J145: (A) | K145: 1014800 | L145: 542.8 | M145: =K145/I145 -> 4300 | O145: 6 | P145: 21 | Q145: =VALUE("20"&P145) -> 2021 | R145: A | S145: ="("&R145&")" -> (A) | T145: =SUMIFS($I$2:$I$10001,$J$2:$J$10001,S145,$B$2:$B$10001,Q145,$D$2:$D$10001,O145) -> 5896
A146: 10145 | B146: 2020 | C146: Marzo | D146: =IF(C146="Enero",1,IF(C146="Febrero",2,IF(C146="Marzo",3,IF(C146="Abril",4,IF(C146="Mayo",5,IF(C146="Junio",6,IF(C146="Julio",7,IF(C146="Agosto",8,IF(C146="Septiembre",9,IF(C146="Octubre",10,IF(C146="Noviembre",11,IF(C146="Diciembre",12,"")))))))))))) -> 3 | E146: 5 | F146: Popayán | G146: Juan Carlos Londoño | H146: 111 | I146: 111 | J146: (D) | K146: 333000 | L146: 222 | M146: =K146/I146 -> 3000
A147: 10146 | B147: 2020 | C147: Julio | D147: =IF(C147="Enero",1,IF(C147="Febrero",2,IF(C147="Marzo",3,IF(C147="Abril",4,IF(C147="Mayo",5,IF(C147="Junio",6,IF(C147="Julio",7,IF(C147="Agosto",8,IF(C147="Septiembre",9,IF(C147="Octubre",10,IF(C147="Noviembre",11,IF(C147="Diciembre",12,"")))))))))))) -> 7 | E147: 9 | F147: Armenia | G147: {=_xlfn.XLOOKUP(LARGE(IF((F147=$F$2:$F$10001)*(B147+1=$B$2:$B$10001)*(C147=$C$2:$C$10001),DATE($B$2:$B$10001,MONTH($C$2:$C$10001&1),$E$2:$E$10001)," "),1),IF((F147=$F$2:$F$10001)*(B147+1=$B$2:$B$10001)*(C147=$C$2:$C$10001),DATE($B$2:$B$10001,MONTH($C$2:$C$10001&1),$E$2:$E$10001)," "),$G$2:$G$10001,,0,1)} -> Marcela Valencia | H147: 57 | I147: 57 | J147: (C) | K147: 501600 | L147: 216.6 | M147: =K147/I147 -> 8800
A148: 10147 | B148: 2020 | C148: Septiembre | D148: =IF(C148="Enero",1,IF(C148="Febrero",2,IF(C148="Marzo",3,IF(C148="Abril",4,IF(C148="Mayo",5,IF(C148="Junio",6,IF(C148="Julio",7,IF(C148="Agosto",8,IF(C148="Septiembre",9,IF(C148="Octubre",10,IF(C148="Noviembre",11,IF(C148="Diciembre",12,"")))))))))))) -> 9 | E148: 26 | F148: Ibagué | G148: Patricia Fernandez | I148: {=AVERAGE(_xlfn.XLOOKUP(LARGE(IF(J148=$J$2:$J$10001,IF(DATE(B148,MONTH(C148&1),E148)>=IF(($H$2:$H$10001<>"")*(J148=$J$2:$J$10001),DATE($B$2:$B$10001,MONTH($C$2:$C$10001&1),$E$2:$E$10001),""),DATE($B$2:$B$10001,MONTH($C$2:$C$10001&1),$E$2:$E$10001)+ROW($B$2:$B$10001)/10000,0),0),_xlfn.SEQUENCE(5)),IF(J148=$J$2:$J$10001,IF(DATE(B148,MONTH(C148&1),E148)>=IF(($H$2:$H$10001<>"")*(J148=$J$2:$J$10001),DATE($B$2:$B$10001,MONTH($C$2:$C$10001&1),$E$2:$E$10001),""),DATE($B$2:$B$10001,MONTH($C$2:$C$10001&1),$E$2:$E$10001)+ROW($B$2:$B$10001)/10000,0),0),$H$2:$H$10001,,0,1))} -> 262.4 | J148: (C) | K148: 1605000 | L148: 535 | M148: =K148/I148 -> 6116.6159
A149: 10148 | B149: 2020 | C149: Mayo | D149: =IF(C149="Enero",1,IF(C149="Febrero",2,IF(C149="Marzo",3,IF(C149="Abril",4,IF(C149="Mayo",5,IF(C149="Junio",6,IF(C149="Julio",7,IF(C149="Agosto",8,IF(C149="Septiembre",9,IF(C149="Octubre",10,IF(C149="Noviembre",11,IF(C149="Diciembre",12,"")))))))))))) -> 5 | E149: 14 | F149: Popayán | G149: Ortensia Giraldo | H149: 76 | I149: 76 | J149: (A) | K149: 418000 | L149: 266 | M149: =K149/I149 -> 5500
A150: 10149 | B150: 2020 | C150: Agosto | D150: =IF(C150="Enero",1,IF(C150="Febrero",2,IF(C150="Marzo",3,IF(C150="Abril",4,IF(C150="Mayo",5,IF(C150="Junio",6,IF(C150="Julio",7,IF(C150="Agosto",8,IF(C150="Septiembre",9,IF(C150="Octubre",10,IF(C150="Noviembre",11,IF(C150="Diciembre",12,"")))))))))))) -> 8 | E150: 14 | F150: Popayán | G150: Ernesto Pérez | H150: 89 | I150: 89 | J150: (B) | K150: 623000 | L150: 356 | M150: =K150/I150 -> 7000
A151: 10150 | B151: 2020 | C151: Noviembre | D151: =IF(C151="Enero",1,IF(C151="Febrero",2,IF(C151="Marzo",3,IF(C151="Abril",4,IF(C151="Mayo",5,IF(C151="Junio",6,IF(C151="Julio",7,IF(C151="Agosto",8,IF(C151="Septiembre",9,IF(C151="Octubre",10,IF(C151="Noviembre",11,IF(C151="Diciembre",12,"")))))))))))) -> 11 | E151: 9 | F151: Medellín | G151: Ernesto Pérez | H151: 101 | I151: 101 | J151: (D) | K151: 303000 | L151: 202 | M151: =K151/I151 -> 3000
A152: 10151 | B152: 2020 | C152: Agosto | D152: =IF(C152="Enero",1,IF(C152="Febrero",2,IF(C152="Marzo",3,IF(C152="Abril",4,IF(C152="Mayo",5,IF(C152="Junio",6,IF(C152="Julio",7,IF(C152="Agosto",8,IF(C152="Septiembre",9,IF(C152="Octubre",10,IF(C152="Noviembre",11,IF(C152="Diciembre",12,"")))))))))))) -> 8 | E152: 26 | F152: Cúcuta | G152: Ortensia Giraldo | H152: 90 | I152: 90 | J152: (B) | K152: 630000 | L152: 360 | M152: =K152/I152 -> 7000
A153: 10152 | B153: 2020 | C153: Septiembre | D153: =IF(C153="Enero",1,IF(C153="Febrero",2,IF(C153="Marzo",3,IF(C153="Abril",4,IF(C153="Mayo",5,IF(C153="Junio",6,IF(C153="Julio",7,IF(C153="Agosto",8,IF(C153="Septiembre",9,IF(C153="Octubre",10,IF(C153="Noviembre",11,IF(C153="Diciembre",12,"")))))))))))) -> 9 | E153: 15 | F153: Manizales | G153: Carolina Navarro | H153: 82 | I153: 82 | J153: (D) | K153: 246000 | L153: 164 | M153: =K153/I153 -> 3000
...

Sheet Operacional
A1: Mes | B1: Año | C1: Producto | D1: Producción | E1: Pérdidas | F1: Causa | G1: ='Transacciones '!T1 -> Cantidad final vendida | H1: Perdida desconocida | I1: Proporción de Producto Perdido Desconocido
A2: 11 | B2: 21 | C2: C | D2: 23300 | E2: 4334 | F2: Plagas | G2: ='Transacciones '!T2 -> 0 | H2: =D2-E2-G2 -> 18966 | I2: =H2/(H2+E2) -> 0.81399142
A3: 12 | B3: 20 | C3: A | D3: 8000 | E3: 1966 | F3: Transporte | G3: ='Transacciones '!T3 -> 5765 | H3: =D3-E3-G3 -> 269 | I3: =H3/(H3+E3) -> 0.12035794
A4: 10 | B4: 20 | C4: B | D4: 9300 | E4: 1240 | F4: Transporte | G4: ='Transacciones '!T4 -> 7882.2 | H4: =D4-E4-G4 -> 177.8 | I4: =H4/(H4+E4) -> 0.12540556
A5: 6 | B5: 22 | C5: C | D5: 23000 | E5: 3423 | F5: Transporte | G5: ='Transacciones '!T5 -> 18875 | H5: =D5-E5-G5 -> 702 | I5: =H5/(H5+E5) -> 0.17018182
A6: 7 | B6: 20 | C6: D | D6: 13300 | E6: 1333 | F6: Transporte | G6: ='Transacciones '!T6 -> 11654 | H6: =D6-E6-G6 -> 313 | I6: =H6/(H6+E6) -> 0.19015796
A7: 12 | B7: 20 | C7: D | D7: 6300 | E7: 198 | F7: Transporte | G7: ='Transacciones '!T7 -> 6074 | H7: =D7-E7-G7 -> 28 | I7: =H7/(H7+E7) -> 0.12389381
A8: 11 | B8: 22 | C8: D | D8: 6000 | E8: 822 | F8: Transporte | G8: ='Transacciones '!T8 -> 5044 | H8: =D8-E8-G8 -> 134 | I8: =H8/(H8+E8) -> 0.14016736
A9: 7 | B9: 21 | C9: D | D9: 17500 | E9: 1249 | F9: Plagas | G9: ='Transacciones '!T9 -> 15856 | H9: =D9-E9-G9 -> 395 | I9: =H9/(H9+E9) -> 0.24026764
A10: 5 | B10: 22 | C10: D | D10: 6000 | E10: 66 | F10: Plagas | G10: ='Transacciones '!T10 -> 5920 | H10: =D10-E10-G10 -> 14 | I10: =H10/(H10+E10) -> 0.175
A11: 5 | B11: 20 | C11: C | D11: 19000 | E11: 2572 | F11: Robo | G11: ='Transacciones '!T11 -> 15702 | H11: =D11-E11-G11 -> 726 | I11: =H11/(H11+E11) -> 0.22013341
A12: 7 | B12: 22 | C12: B | D12: 9400 | E12: 1145 | F12: Transporte | G12: ='Transacciones '!T12 -> 7986 | H12: =D12-E12-G12 -> 269 | I12: =H12/(H12+E12) -> 0.19024045
A13: 4 | B13: 20 | C13: C | D13: 19300 | E13: 1906 | F13: Transporte | G13: ='Transacciones '!T13 -> 16791 | H13: =D13-E13-G13 -> 603 | I13: =H13/(H13+E13) -> 0.24033479
... A145: 6 | B145: 21 | C145: A | D145: 8800 | E145: 2439 | F145: Almacenamiento | G145: ='Transacciones '!T145 -> 5896 | H145: =D145-E145-G145 -> 465 | I145: =H145/(H145+E145) -> 0.16012397

Sheet Cantidad de Ventas por Producto
A3: Suma de Cantidad_Vendida | B3: Años
A4: Productos | B4: 2020 | C4: 2021 | D4: 2022 | E4: Total general
A5: (A) | B5: 19987 | C5: 18542 | D5: 18934 | E5: 57463
A6: (B) | B6: 7487 | C6: 6752 | D6: 7986 | E6: 22225
A7: (C) | B7: 4202 | C7: 4211 | D7: 5905 | E7: 14318
A8: (D) | B8: 11654 | C8: 15856 | D8: 17959 | E8: 45469
A9: Total general | B9: 43330 | C9: 45361 | D9: 50784 | E9: 139475

Sheet Cociente de producción 
A3: Etiquetas de fila | B3: Cociente de Producción por Pérdidas
A4: A | B4: 5.7141449
A5: B | B5: 7.1313465
A6: C | B6: 7.5589675
A7: D | B7: 12.660966

Sheet Top 5 lugares por Ventas
A3: Ciudades | B3: Ventas Totales | C3: Ciudades | D3: Ventas
A4: Valledupar | B4: 43317900 | C4: =IF(A4="Cartagena","Cartagena de Indias",IF((A4="Total general")+(A4= ""),"",A4)) -> Valledupar | D4: =IF(A4="Total general","",IF(B4<>"",B4,"")) -> 43317900
A5: Cartagena | B5: 42390900 | C5: =IF(A5="Cartagena","Cartagena de Indias",IF((A5="Total general")+(A5= ""),"",A5)) -> Cartagena de Indias | D5: =IF(A5="Total general","",IF(B5<>"",B5,"")) -> 42390900
A6: Bogotá | B6: 38110600 | C6: =IF(A6="Cartagena","Cartagena de Indias",IF((A6="Total general")+(A6= ""),"",A6)) -> Bogotá | D6: =IF(A6="Total general","",IF(B6<>"",B6,"")) -> 38110600
A7: Ibagué | B7: 37953400 | C7: =IF(A7="Cartagena","Cartagena de Indias",IF((A7="Total general")+(A7= ""),"",A7)) -> Ibagué | D7: =IF(A7="Total general","",IF(B7<>"",B7,"")) -> 37953400
A8: Pasto | B8: 37298500 | C8: =IF(A8="Cartagena","Cartagena de Indias",IF((A8="Total general")+(A8= ""),"",A8)) -> Pasto | D8: =IF(A8="Total general","",IF(B8<>"",B8,"")) -> 37298500
A9: Total general | B9: 199071300 | C9: =IF(A9="Cartagena","Cartagena de Indias",IF((A9="Total general")+(A9= ""),"",A9)) | D9: =IF(A9="Total general","",IF(B9<>"",B9,""))
C10: =IF(A10="Cartagena","Cartagena de Indias",IF((A10="Total general")+(A10= ""),"",A10)) | D10: =IF(A10="Total general","",IF(B10<>"",B10,""))
C11: =IF(A11="Cartagena","Cartagena de Indias",IF((A11="Total general")+(A11= ""),"",A11)) | D11: =IF(A11="Total general","",IF(B11<>"",B11,""))
C12: =IF(A12="Cartagena","Cartagena de Indias",IF((A12="Total general")+(A12= ""),"",A12)) | D12: =IF(A12="Total general","",IF(B12<>"",B12,""))
C13: =IF(A13="Cartagena","Cartagena de Indias",IF((A13="Total general")+(A13= ""),"",A13)) | D13: =IF(A13="Total general","",IF(B13<>"",B13,""))
C14: =IF(A14="Cartagena","Cartagena de Indias",IF((A14="Total general")+(A14= ""),"",A14)) | D14: =IF(A14="Total general","",IF(B14<>"",B14,""))
C15: =IF(A15="Cartagena","Cartagena de Indias",IF((A15="Total general")+(A15= ""),"",A15))
C16: =IF(A16="Cartagena","Cartagena de Indias",IF((A16="Total general")+(A16= ""),"",A16)) | D16: =IF(A16="Total general","",IF(B16<>"",B16,""))
C17: =IF(A17="Cartagena","Cartagena de Indias",IF((A17="Total general")+(A17= ""),"",A17)) | D17: =IF(A17="Total general","",IF(B17<>"",B17,""))
C18: =IF(A18="Cartagena","Cartagena de Indias",IF((A18="Total general")+(A18= ""),"",A18)) | D18: =IF(A18="Total general","",IF(B18<>"",B18,""))
C19: =IF(A19="Cartagena","Cartagena de Indias",IF((A19="Total general")+(A19= ""),"",A19)) | D19: =IF(A19="Total general","",IF(B19<>"",B19,""))
C20: =IF(A20="Cartagena","Cartagena de Indias",IF((A20="Total general")+(A20= ""),"",A20)) | D20: =IF(A20="Total general","",IF(B20<>"",B20,""))
C21: =IF(A21="Cartagena","Cartagena de Indias",IF((A21="Total general")+(A21= ""),"",A21))
C22: =IF(A22="Cartagena","Cartagena de Indias",IF((A22="Total general")+(A22= ""),"",A22))
C23: =IF(A23="Cartagena","Cartagena de Indias",IF((A23="Total general")+(A23= ""),"",A23))
C24: =IF(A24="Cartagena","Cartagena de Indias",IF((A24="Total general")+(A24= "")," ",A24))
C25: =IF(A25="Cartagena","Cartagena de Indias",IF((A25="Total general")+(A25= "")," ",A25))
C26: =IF(A26="Cartagena","Cartagena de Indias",IF((A26="Total general")+(A26= "")," ",A26))
C27: =IF(A27="Cartagena","Cartagena de Indias",IF((A27="Total general")+(A27= "")," ",A27))
C28: =IF(A28="Cartagena","Cartagena de Indias",IF((A28="Total general")+(A28= "")," ",A28))
D29: =IF(B29<>"",B29,"")

Sheet Fluctuacion de precios
A2: Año | B2: (Todas)
A4: Suma de Precio por producto | B4: Producto
A5: Mes | B5: (A) | C5: (B) | D5: (C) | E5: (D) | F5: Total general
A6: Enero | B6: 967500 | C6: 1701000 | D6: 1883200 | E6: 528000 | F6: 5079700
A7: Febrero | B7: 881604.26 | C7: 1330000 | D7: 1777600 | E7: 492000 | F7: 4481204.3
A8: Marzo | B8: 1210000 | C8: 1596000 | D8: 1597500 | E8: 579000 | F8: 4982500
A9: Abril | B9: 1201490.8 | C9: 1407000 | D9: 1605000 | E9: 642000 | F9: 4855490.8
A10: Mayo | B10: 1270500 | C10: 1526000 | D10: 1440000 | E10: 651000 | F10: 4887500
A11: Junio | B11: 1083500 | C11: 1449000 | D11: 1590000 | E11: 549000 | F11: 4671500
A12: Julio | B12: 984700 | C12: 1365000 | D12: 1531200 | E12: 441600 | F12: 4322500
A13: Agosto | B13: 876681.09 | C13: 1428000 | D13: 1962400 | E13: 458400 | F13: 4725481.1
A14: Septiembre | B14: 1176682.2 | C14: 1463000 | D14: 1624600.7 | E14: 581770.27 | F14: 4846053.1
A15: Octubre | B15: 1122000 | C15: 1377636.1 | D15: 1545000 | E15: 594411.21 | F15: 4639047.3
A16: Noviembre | B16: 1202287.9 | C16: 1456000 | D16: 1567500 | E16: 633000 | F16: 4858787.9
A17: Diciembre | B17: 1182500 | C17: 1493737.4 | D17: 1575000 | E17: 633000 | F17: 4884237.4
A18: Total general | B18: 13159446 | C18: 17592373 | D18: 19699001 | E18: 6783181.5 | F18: 57234002

Sheet Proporción de producto perdido 
A1: Producto | B1: Suma de Pérdidas conocidas | C1: Perdida desconocida | D1: Proporción de Producto Perdido Desconocido
A2: A | B2: 81167 | C2: 21934.4 | D2: 7.3304924
A3: B | B3: 49023 | C3: 12680 | D3: 7.3431074
A4: C | B4: 77246 | C4: 19978.4 | D4: 7.4857677
A5: D | B5: 29587 | C5: 7511 | D5: 7.2922832
A6: Total general | B6: 237023 | C6: 62103.8 | D6: 29.451651
A12: Año | B12: (Todas)
A13: Mes | B13: (Todas)
A15: Producto | B15: Proporción de Producto Perdido Desconocido
A16: A | B16: 7.3304924
A17: B | B17: 7.3431074
A18: C | B18: 7.4857677
A19: D | B19: 7.2922832
A20: Total general | B20: 29.451651

Sheet Análisis de ventas por gerente
A2: Suma de Venta | B2: Producto
A3: Encargado | B3: (A) | C3: (B) | D3: (C) | E3: (D) | F3: Total general
A4: Carolina Navarro | B4: 291658300 | C4: 353185000 | D4: 649178000 | E4: 131244000 | F4: 1425265300
A5: Ernesto Pérez | B5: 278989800 | C5: 327887000 | D5: 580264100 | E5: 141466200 | F5: 1328607100
A6: Juan Carlos Londoño | B6: 307100100 | C6: 343896000 | D6: 606706300 | E6: 157116000 | F6: 1414818400
A7: Marcela Valencia | B7: 292443200 | C7: 328090000 | D7: 632283400 | E7: 159264600 | F7: 1412081200
A8: Ortensia Giraldo | B8: 299999100 | C8: 310191000 | D8: 625975400 | E8: 146810400 | F8: 1382975900
A9: Patricia Fernandez | B9: 255625000 | C9: 352142000 | D9: 644294900 | E9: 156854400 | F9: 1408916300
A10: Total general | B10: 1725815500 | C10: 2015391000 | D10: 3738702100 | E10: 892755600 | F10: 8372664200
A23: Cuenta de Cantidad_Vendida Final | B23: Producto
A24: Encargado | B24: (A) | C24: (B) | D24: (C) | E24: (D) | F24: Total general
A25: Carolina Navarro | B25: 430 | C25: 438 | D25: 418 | E25: 352 | F25: 1638
A26: Ernesto Pérez | B26: 423 | C26: 414 | D26: 391 | E26: 390 | F26: 1618
A27: Juan Carlos Londoño | B27: 461 | C27: 431 | D27: 407 | E27: 420 | F27: 1719
A28: Marcela Valencia | B28: 440 | C28: 403 | D28: 418 | E28: 445 | F28: 1706
A29: Ortensia Giraldo | B29: 442 | C29: 394 | D29: 420 | E29: 389 | F29: 1645
A30: Patricia Fernandez | B30: 384 | C30: 433 | D30: 432 | E30: 425 | F30: 1674
A31: Total general | B31: 2580 | C31: 2513 | D31: 2486 | E31: 2421 | F31: 10000

Sheet Temporada de lluvias vs perdida
A5: Suma de Pérdidas | B5: Etiquetas de columna
A6: Etiquetas de fila | B6: A | C6: B | D6: C | E6: D | F6: Total general
A7: 2020 | B7: 28370 | C7: 16031 | D7: 23488 | E7: 9344 | F7: 77233
A8: Temporada seca | B8: 14558 | C8: 5033 | D8: 4963 | E8: 5046 | F8: 29600
A9: Temporada lluvia | B9: 13812 | C9: 10998 | D9: 18525 | E9: 4298 | F9: 47633
A10: 2021 | B10: 25190 | C10: 17005 | D10: 28239 | E10: 10019 | F10: 80453
A11: Temporada seca | B11: 12094 | C11: 6674 | D11: 4060 | E11: 6487 | F11: 29315
A12: Temporada lluvia | B12: 13096 | C12: 10331 | D12: 24179 | E12: 3532 | F12: 51138
A13: 2022 | B13: 27607 | C13: 15987 | D13: 25519 | E13: 10224 | F13: 79337
A14: Temporada seca | B14: 16193 | C14: 5264 | D14: 5479 | E14: 6585 | F14: 33521
A15: Temporada lluvia | B15: 11414 | C15: 10723 | D15: 20040 | E15: 3639 | F15: 45816
A16: Total general | B16: 81167 | C16: 49023 | D16: 77246 | E16: 29587 | F16: 237023

Sheet Perdidas de producto por causas
A1: Mes | B1: (Todas)
A2: Año | B2: (Todas)
A4: Suma de Pérdidas | B4: Causas de pérdidas
A5: Producto | B5: Almacenamiento | C5: Baja demanda | D5: Clima | E5: Plagas | F5: Robo | G5: Transporte | H5: Total general
A6: A | B6: 17846 | C6: 5930 | D6: 8552 | E6: 16125 | F6: 10097 | G6: 22617 | H6: 81167
A7: B | B7: 4066 | C7: 6244 | D7: 8329 | E7: 14875 | F7: 5003 | G7: 10506 | H7: 49023
A8: C | B8: 13507 | C8: 7153 | D8: 10895 | E8: 8599 | F8: 21683 | G8: 15409 | H8: 77246
A9: D | B9: 2688 | C9: 1328 | D9: 7805 | E9: 6547 | F9: 2475 | G9: 8744 | H9: 29587
A10: Total general | B10: 38107 | C10: 20655 | D10: 35581 | E10: 46146 | F10: 39258 | G10: 57276 | H10: 237023

Sheet Productos más Vendidos por ciud
A3: Ventas Totales | B3: Ciudades
A4: Productos | B4: (A) | C4: (B) | D4: (C) | E4: (D) | F4: Total general
A5: Armenia | B5: 10930600 | C5: 9359000 | D5: 2965600 | E5: 5767200 | F5: 29022400
A6: Barranquilla | B6: 5641600 | C6: 9828000 | D6: 3740000 | E6: 6064800 | F6: 25274400
A7: Bogotá | B7: 17604200 | C7: 6412000 | D7: 6582400 | E7: 7512000 | F7: 38110600
A8: Bucaramanga | B8: 5125600 | C8: 6951000 | D8: 7233600 | E8: 2740800 | F8: 22051000
A9: Cali | B9: 11352000 | C9: 5299000 | D9: 4831200 | E9: 6583200 | F9: 28065400
A10: Cartagena | B10: 16653900 | C10: 9821000 | D10: 10436800 | E10: 5479200 | F10: 42390900
A11: Cúcuta | B11: 11270300 | C11: 6216000 | D11: 6212800 | E11: 3422400 | F11: 27121500
A12: Ibagué | B12: 11919600 | C12: 11613000 | D12: 8192800 | E12: 6228000 | F12: 37953400
A13: Manizales | B13: 12930100 | C13: 9793000 | D13: 5385600 | E13: 6597600 | F13: 34706300
A14: Medellín | B14: 6579000 | C14: 7504000 | D14: 4417600 | E14: 4063200 | F14: 22563800
A15: Montería | B15: 16142200 | C15: 6615000 | D15: 10762400 | E15: 3007200 | F15: 36526800
A16: Neiva | B16: 20769000 | C16: 6566000 | D16: 4100800 | E16: 4228800 | F16: 35664600
... A25: Total general | B25: 247090900 | C25: 155575000 | D25: 125998400 | E25: 109125600 | F25: 637789900
