Workbook

Sheet Resumen de lista de clase
A1: Información de curso
A2: Título de curso | B2: CRÍMENES Y JUSTICIA AMBIENTAL - CBPC 1380 1
A3: Periodo | B3: PRIMER SEMESTRE 2024 - 202410
A4: NRC | B4: 62964
A5: Duración | B5: 22-Ene-2024 - 25-May-2024
A6: Status | B6: ACTIVA
A8: Conteos de ingreso
B9: Máximo | C9: Real | D9: Restante
A10: Ingreso | B10: 51 | C10: 48 | D10: 3
A11: Lista de espera | B11: 0 | C11: 0 | D11: 0
A12: Lista cruzada | B12: 0 | C12: 0 | D12: 0
A14: Resumen de lista de clase
A15: Nombre del alumno | B15: ID | C15: Status de inscripción | D15: Nivel | E15: Horas crédito | F15: Parcial | G15: Final | H15: Clase
A16: ARIZA OLARTE, ARLEY | B16: 201911446 | C16: **REGISTRADO POR WEB** | D16: PREGRADO | E16: 2 | F16: Sin acceso | G16: Sin acceso | H16: INGRESA A QUINTO SEMESTRE
A17: BELTRAN PARIS, JUAN DIEGO | B17: 202414569 | C17: **REGISTRADO POR WEB** | D17: PREGRADO | E17: 2 | F17: Sin acceso | G17: Sin acceso | H17: INGRESA A PRIMER SEMESTRE
A18: BENAVIDES CARTAGENA, HARRIN ALBERTO | B18: 201618989 | C18: **REGISTRADO** | D18: PREGRADO | E18: 2 | F18: Sin acceso | G18: Sin acceso | H18: INGRESA A OCTAVO SEMESTRE
A19: BLANCO RAMIREZ, ISABELLA | B19: 202220197 | C19: **REGISTRADO POR WEB** | D19: PREGRADO | E19: 2 | F19: Sin acceso | G19: Sin acceso | H19: INGRESA A QUINTO SEMESTRE
A20: CANCINO SUAREZ, EDGAR DAVID | B20: 202210627 | C20: **REGISTRADO POR WEB** | D20: PREGRADO | E20: 2 | F20: Sin acceso | G20: Sin acceso | H20: INGRESA A QUINTO SEMESTRE
A21: CASTILLO MAHECHA, VALENTINA KATHERINE | B21: 202011767 | C21: **REGISTRADO POR WEB** | D21: PREGRADO | E21: 2 | F21: Sin acceso | G21: Sin acceso | H21: INGRESA A QUINTO SEMESTRE
A22: CESPEDES RAMIREZ, LAURA GERALDINNE | B22: 202214974 | C22: **REGISTRADO POR WEB** | D22: PREGRADO | E22: 2 | F22: Sin acceso | G22: Sin acceso | H22: INGRESA A QUINTO SEMESTRE
A23: CHAPARRO QUINTERO, CARLOS DANIEL | B23: 202214985 | C23: **REGISTRADO POR WEB** | D23: PREGRADO | E23: 2 | F23: Sin acceso | G23: Sin acceso | H23: INGRESA A SEXTO SEMESTRE
A24: CHAVES OSORIO, LORENA | B24: 202222104 | C24: **REGISTRADO POR WEB** | D24: PREGRADO | E24: 2 | F24: Sin acceso | G24: Sin acceso | H24: INGRESA A TERCER SEMESTRE
A25: DELGADO RESTREPO, ANA | B25: 202125123 | C25: **REGISTRADO** | D25: PREGRADO | E25: 2 | F25: Sin acceso | G25: Sin acceso | H25: INGRESA A QUINTO SEMESTRE
A26: DUARTE CALDERON, GABRIEL ALEJANDRO | B26: 202215067 | C26: **REGISTRADO POR WEB** | D26: PREGRADO | E26: 2 | F26: Sin acceso | G26: Sin acceso | H26: INGRESA A SEXTO SEMESTRE
A27: DUQUE BOLIVAR, JULIAN DAVID | B27: 202225305 | C27: **REGISTRADO POR WEB** | D27: PREGRADO | E27: 2 | F27: Sin acceso | G27: Sin acceso | H27: INGRESA A TERCER SEMESTRE
... A63: ZAPATA OROZCO, DAVID LEONARDO | B63: 202211714 | C63: **REGISTRADO POR WEB** | D63: PREGRADO | E63: 2 | F63: Sin acceso | G63: Sin acceso | H63: INGRESA A QUINTO SEMESTRE

Sheet Hoja1
A1: Comentario | D1: Puntaje obtenido | E1: Puntaje total | F1: Nota
A2: Ariza Olarte, Arley | D2: 68 | E2: 150 | F2: 2.2666667 | G2: =INDEX('Resumen de lista de clase'!$B$16:$B$63,MATCH(Hoja1!A2,'Resumen de lista de clase'!$A$16:$A$63,0)) -> 201911446 | H2: =A2='Resumen de lista de clase'!A16 -> TRUE
A3: Beltran Paris, Juan Diego | D3: 99 | E3: 150 | F3: 3.3 | G3: =INDEX('Resumen de lista de clase'!$B$16:$B$63,MATCH(Hoja1!A3,'Resumen de lista de clase'!$A$16:$A$63,0)) -> 202414569
A4: Blanco Ramirez, Isabella | D4: 110 | E4: 150 | F4: 3.6666667 | G4: =INDEX('Resumen de lista de clase'!$B$16:$B$63,MATCH(Hoja1!A4,'Resumen de lista de clase'!$A$16:$A$63,0)) -> 202220197
A5: Cancino Suarez, Edgar David | D5: 106 | E5: 150 | F5: 3.5333333 | G5: =INDEX('Resumen de lista de clase'!$B$16:$B$63,MATCH(Hoja1!A5,'Resumen de lista de clase'!$A$16:$A$63,0)) -> 202210627
A6: Castillo Mahecha, Valentina Katherine | D6: 0 | E6: 150 | F6: 0 | G6: =INDEX('Resumen de lista de clase'!$B$16:$B$63,MATCH(Hoja1!A6,'Resumen de lista de clase'!$A$16:$A$63,0)) -> 202011767
A7: Cespedes Ramirez, Laura Geraldinne | D7: 132 | E7: 150 | F7: 4.4 | G7: =INDEX('Resumen de lista de clase'!$B$16:$B$63,MATCH(Hoja1!A7,'Resumen de lista de clase'!$A$16:$A$63,0)) -> 202214974
A8: Chaparro Quintero, Carlos Daniel | D8: 112 | E8: 150 | F8: 3.7333333 | G8: =INDEX('Resumen de lista de clase'!$B$16:$B$63,MATCH(Hoja1!A8,'Resumen de lista de clase'!$A$16:$A$63,0)) -> #N/A | H8: =UPPER(A8)='Resumen de lista de clase'!A23 -> FALSE | I8: =UPPER(A8) -> CHAPARRO QUINTERO, CARLOS DANIEL | L8: =TRIM(A8) -> Chaparro Quintero, Carlos Daniel | M8: =L8='Resumen de lista de clase'!A23 -> TRUE
A9: Chaves Osorio, Lorena | D9: 84 | E9: 150 | F9: 2.8 | G9: =INDEX('Resumen de lista de clase'!$B$16:$B$63,MATCH(Hoja1!A9,'Resumen de lista de clase'!$A$16:$A$63,0)) -> 202222104
A10: Delgado, Ana | D10: 98 | E10: 150 | F10: 3.2666667 | G10: =INDEX('Resumen de lista de clase'!$B$16:$B$63,MATCH(Hoja1!A10,'Resumen de lista de clase'!$A$16:$A$63,0)) -> #N/A
A11: Duarte Calderon, Gabriel Alejandro | D11: 114 | E11: 150 | F11: 3.8 | G11: =INDEX('Resumen de lista de clase'!$B$16:$B$63,MATCH(Hoja1!A11,'Resumen de lista de clase'!$A$16:$A$63,0)) -> #N/A
A12: Duque Bolivar, Julian David | D12: 114 | E12: 150 | F12: 3.8 | G12: =INDEX('Resumen de lista de clase'!$B$16:$B$63,MATCH(Hoja1!A12,'Resumen de lista de clase'!$A$16:$A$63,0)) -> #N/A
A13: Duran Lopez, Juliana | D13: 112 | E13: 150 | F13: 3.7333333 | G13: =INDEX('Resumen de lista de clase'!$B$16:$B$63,MATCH(Hoja1!A13,'Resumen de lista de clase'!$A$16:$A$63,0)) -> #N/A
A14: Escobar Pineda, Samuel Alejandro | D14: 94 | E14: 150 | F14: 3.1333333 | G14: =INDEX('Resumen de lista de clase'!$B$16:$B$63,MATCH(Hoja1!A14,'Resumen de lista de clase'!$A$16:$A$63,0)) -> 202310474
A15: Florez Dowse, Pablo | D15: 114 | E15: 150 | F15: 3.8 | G15: =INDEX('Resumen de lista de clase'!$B$16:$B$63,MATCH(Hoja1!A15,'Resumen de lista de clase'!$A$16:$A$63,0)) -> 202021093
A16: Gonzalez, Sofia | D16: 58 | E16: 150 | F16: 1.9333333 | G16: =INDEX('Resumen de lista de clase'!$B$16:$B$63,MATCH(Hoja1!A16,'Resumen de lista de clase'!$A$16:$A$63,0)) -> 202222252
A17: Guzman Castellanos, Juan David | D17: 56 | E17: 150 | F17: 1.8666667 | G17: =INDEX('Resumen de lista de clase'!$B$16:$B$63,MATCH(Hoja1!A17,'Resumen de lista de clase'!$A$16:$A$63,0)) -> #N/A
A18: Hernandez Prieto, Paula Daniela | D18: 119 | E18: 150 | F18: 3.9666667 | G18: =INDEX('Resumen de lista de clase'!$B$16:$B$63,MATCH(Hoja1!A18,'Resumen de lista de clase'!$A$16:$A$63,0)) -> 202313647
A19: Herrera Fajardo, Paula Daniela | D19: 124 | E19: 150 | F19: 4.1333333 | G19: =INDEX('Resumen de lista de clase'!$B$16:$B$63,MATCH(Hoja1!A19,'Resumen de lista de clase'!$A$16:$A$63,0)) -> #N/A
A20: Jimenez Rubio, Daniel Antonio | D20: 90 | E20: 150 | F20: 3 | G20: =INDEX('Resumen de lista de clase'!$B$16:$B$63,MATCH(Hoja1!A20,'Resumen de lista de clase'!$A$16:$A$63,0)) -> 202220934
... A50: Cartagena Benavides, Harry | D50: 114 | E50: 150 | F50: 3.8 | G50: =INDEX('Resumen de lista de clase'!$B$16:$B$63,MATCH(Hoja1!A50,'Resumen de lista de clase'!$A$16:$A$63,0)) -> #N/A
